-- phpMyAdmin SQL Dump
-- version 5.1.1
-- https://www.phpmyadmin.net/
--
-- Host: 127.0.0.1
-- Generation Time: Feb 03, 2022 at 09:58 AM
-- Server version: 10.4.22-MariaDB
-- PHP Version: 8.1.1

SET SQL_MODE = "NO_AUTO_VALUE_ON_ZERO";
START TRANSACTION;
SET time_zone = "+00:00";


/*!40101 SET @OLD_CHARACTER_SET_CLIENT=@@CHARACTER_SET_CLIENT */;
/*!40101 SET @OLD_CHARACTER_SET_RESULTS=@@CHARACTER_SET_RESULTS */;
/*!40101 SET @OLD_COLLATION_CONNECTION=@@COLLATION_CONNECTION */;
/*!40101 SET NAMES utf8mb4 */;

--
-- Database: `task_one`
--

-- --------------------------------------------------------

--
-- Table structure for table `cities`
--

CREATE TABLE `cities` (
  `id` bigint(20) UNSIGNED NOT NULL,
  `country_id` bigint(20) UNSIGNED NOT NULL,
  `city_name` varchar(255) COLLATE utf8mb4_unicode_ci NOT NULL,
  `created_at` timestamp NULL DEFAULT NULL,
  `updated_at` timestamp NULL DEFAULT NULL
) ENGINE=InnoDB DEFAULT CHARSET=utf8mb4 COLLATE=utf8mb4_unicode_ci;

--
-- Dumping data for table `cities`
--

INSERT INTO `cities` (`id`, `country_id`, `city_name`, `created_at`, `updated_at`) VALUES
(1, 4, 'Gregoryport', '2022-02-03 01:37:03', '2022-02-03 01:37:03'),
(2, 3, 'Starkview', '2022-02-03 01:37:03', '2022-02-03 01:37:03'),
(3, 1, 'Savionland', '2022-02-03 01:37:03', '2022-02-03 01:37:03'),
(4, 2, 'New Benedictberg', '2022-02-03 01:37:03', '2022-02-03 01:37:03'),
(5, 1, 'North Felton', '2022-02-03 01:37:03', '2022-02-03 01:37:03'),
(6, 2, 'Abernathymouth', '2022-02-03 01:37:03', '2022-02-03 01:37:03'),
(7, 4, 'Quitzonmouth', '2022-02-03 01:37:03', '2022-02-03 01:37:03'),
(8, 1, 'West Aidaville', '2022-02-03 01:37:03', '2022-02-03 01:37:03'),
(9, 4, 'West Ianton', '2022-02-03 01:37:03', '2022-02-03 01:37:03'),
(10, 1, 'Padbergport', '2022-02-03 01:37:03', '2022-02-03 01:37:03'),
(11, 3, 'North Electa', '2022-02-03 01:37:03', '2022-02-03 01:37:03'),
(12, 2, 'North Olenstad', '2022-02-03 01:37:03', '2022-02-03 01:37:03'),
(13, 2, 'Hillsville', '2022-02-03 01:37:03', '2022-02-03 01:37:03'),
(14, 1, 'West Everetteview', '2022-02-03 01:37:03', '2022-02-03 01:37:03'),
(15, 2, 'East Krystelberg', '2022-02-03 01:37:03', '2022-02-03 01:37:03'),
(16, 1, 'New Stefaniefurt', '2022-02-03 01:37:03', '2022-02-03 01:37:03'),
(17, 1, 'Lake Zora', '2022-02-03 01:37:03', '2022-02-03 01:37:03'),
(18, 4, 'South Pink', '2022-02-03 01:37:03', '2022-02-03 01:37:03'),
(19, 1, 'East Vladimir', '2022-02-03 01:37:03', '2022-02-03 01:37:03'),
(20, 2, 'Cleoport', '2022-02-03 01:37:03', '2022-02-03 01:37:03'),
(21, 2, 'New Wilhelm', '2022-02-03 01:37:03', '2022-02-03 01:37:03'),
(22, 1, 'Katlynnfurt', '2022-02-03 01:37:03', '2022-02-03 01:37:03'),
(23, 4, 'Carrollberg', '2022-02-03 01:37:03', '2022-02-03 01:37:03'),
(24, 1, 'Dickiburgh', '2022-02-03 01:37:03', '2022-02-03 01:37:03'),
(25, 2, 'Sierraland', '2022-02-03 01:37:03', '2022-02-03 01:37:03'),
(26, 1, 'Lake Luciennemouth', '2022-02-03 01:37:03', '2022-02-03 01:37:03'),
(27, 4, 'Danielbury', '2022-02-03 01:37:03', '2022-02-03 01:37:03'),
(28, 2, 'Watsicamouth', '2022-02-03 01:37:03', '2022-02-03 01:37:03'),
(29, 4, 'East Kristinside', '2022-02-03 01:37:03', '2022-02-03 01:37:03'),
(30, 4, 'Port Antonio', '2022-02-03 01:37:03', '2022-02-03 01:37:03'),
(31, 2, 'Adriennebury', '2022-02-03 01:37:03', '2022-02-03 01:37:03'),
(32, 3, 'Shanelmouth', '2022-02-03 01:37:03', '2022-02-03 01:37:03'),
(33, 2, 'Swaniawskibury', '2022-02-03 01:37:03', '2022-02-03 01:37:03'),
(34, 1, 'East Hannahaven', '2022-02-03 01:37:03', '2022-02-03 01:37:03'),
(35, 3, 'North Palmachester', '2022-02-03 01:37:03', '2022-02-03 01:37:03'),
(36, 2, 'Fadelside', '2022-02-03 01:37:03', '2022-02-03 01:37:03'),
(37, 3, 'Nonaton', '2022-02-03 01:37:03', '2022-02-03 01:37:03'),
(38, 4, 'Trompborough', '2022-02-03 01:37:03', '2022-02-03 01:37:03'),
(39, 3, 'Port Kyrachester', '2022-02-03 01:37:03', '2022-02-03 01:37:03'),
(40, 3, 'Stehrville', '2022-02-03 01:37:03', '2022-02-03 01:37:03'),
(41, 3, 'Quitzonstad', '2022-02-03 01:37:03', '2022-02-03 01:37:03'),
(42, 4, 'Littelborough', '2022-02-03 01:37:03', '2022-02-03 01:37:03'),
(43, 4, 'South Lorineburgh', '2022-02-03 01:37:03', '2022-02-03 01:37:03'),
(44, 2, 'Lebsackshire', '2022-02-03 01:37:03', '2022-02-03 01:37:03'),
(45, 3, 'South Helena', '2022-02-03 01:37:03', '2022-02-03 01:37:03'),
(46, 4, 'Fadelstad', '2022-02-03 01:37:03', '2022-02-03 01:37:03'),
(47, 1, 'Dannieborough', '2022-02-03 01:37:03', '2022-02-03 01:37:03'),
(48, 1, 'West Terrillshire', '2022-02-03 01:37:03', '2022-02-03 01:37:03'),
(49, 3, 'Edwinstad', '2022-02-03 01:37:03', '2022-02-03 01:37:03'),
(50, 2, 'Lake Danny', '2022-02-03 01:37:03', '2022-02-03 01:37:03'),
(51, 2, 'Torpland', '2022-02-03 01:37:03', '2022-02-03 01:37:03'),
(52, 1, 'Predovicshire', '2022-02-03 01:37:03', '2022-02-03 01:37:03'),
(53, 4, 'Samantaland', '2022-02-03 01:37:03', '2022-02-03 01:37:03'),
(54, 1, 'Port Isabellfort', '2022-02-03 01:37:03', '2022-02-03 01:37:03'),
(55, 1, 'North Brauliomouth', '2022-02-03 01:37:03', '2022-02-03 01:37:03'),
(56, 1, 'Theresemouth', '2022-02-03 01:37:03', '2022-02-03 01:37:03'),
(57, 4, 'North Watson', '2022-02-03 01:37:04', '2022-02-03 01:37:04'),
(58, 2, 'Mariannaville', '2022-02-03 01:37:04', '2022-02-03 01:37:04'),
(59, 4, 'South Jessycaport', '2022-02-03 01:37:04', '2022-02-03 01:37:04'),
(60, 1, 'North Juneview', '2022-02-03 01:37:04', '2022-02-03 01:37:04'),
(61, 4, 'Port Eva', '2022-02-03 01:37:04', '2022-02-03 01:37:04'),
(62, 4, 'Dietrichview', '2022-02-03 01:37:04', '2022-02-03 01:37:04'),
(63, 1, 'South Deangelo', '2022-02-03 01:37:04', '2022-02-03 01:37:04'),
(64, 3, 'Everettstad', '2022-02-03 01:37:04', '2022-02-03 01:37:04'),
(65, 4, 'New Kari', '2022-02-03 01:37:04', '2022-02-03 01:37:04'),
(66, 3, 'South Broderickland', '2022-02-03 01:37:04', '2022-02-03 01:37:04'),
(67, 1, 'Davisborough', '2022-02-03 01:37:04', '2022-02-03 01:37:04'),
(68, 3, 'Raphaelleberg', '2022-02-03 01:37:04', '2022-02-03 01:37:04'),
(69, 2, 'Carolebury', '2022-02-03 01:37:04', '2022-02-03 01:37:04'),
(70, 2, 'Rodriguezville', '2022-02-03 01:37:04', '2022-02-03 01:37:04'),
(71, 2, 'Trompstad', '2022-02-03 01:37:04', '2022-02-03 01:37:04'),
(72, 3, 'North Norval', '2022-02-03 01:37:04', '2022-02-03 01:37:04'),
(73, 4, 'Lake Germanhaven', '2022-02-03 01:37:04', '2022-02-03 01:37:04'),
(74, 1, 'Lake Giovanna', '2022-02-03 01:37:04', '2022-02-03 01:37:04'),
(75, 4, 'Dickinsonland', '2022-02-03 01:37:04', '2022-02-03 01:37:04'),
(76, 3, 'Kenyattabury', '2022-02-03 01:37:04', '2022-02-03 01:37:04'),
(77, 4, 'Lake Korey', '2022-02-03 01:37:04', '2022-02-03 01:37:04'),
(78, 4, 'Lake Reesemouth', '2022-02-03 01:37:04', '2022-02-03 01:37:04'),
(79, 1, 'Bonitahaven', '2022-02-03 01:37:04', '2022-02-03 01:37:04'),
(80, 1, 'Elliottfort', '2022-02-03 01:37:04', '2022-02-03 01:37:04'),
(81, 4, 'Willmstown', '2022-02-03 01:37:04', '2022-02-03 01:37:04'),
(82, 4, 'Stokesbury', '2022-02-03 01:37:04', '2022-02-03 01:37:04'),
(83, 3, 'Lake Susiemouth', '2022-02-03 01:37:04', '2022-02-03 01:37:04'),
(84, 1, 'East Sedricktown', '2022-02-03 01:37:04', '2022-02-03 01:37:04'),
(85, 3, 'East Uriahberg', '2022-02-03 01:37:04', '2022-02-03 01:37:04'),
(86, 4, 'Grahamchester', '2022-02-03 01:37:04', '2022-02-03 01:37:04'),
(87, 1, 'Loweshire', '2022-02-03 01:37:04', '2022-02-03 01:37:04'),
(88, 1, 'Bartolettifort', '2022-02-03 01:37:04', '2022-02-03 01:37:04'),
(89, 3, 'Port Otto', '2022-02-03 01:37:04', '2022-02-03 01:37:04'),
(90, 4, 'Kyleeport', '2022-02-03 01:37:04', '2022-02-03 01:37:04'),
(91, 4, 'Jaquelinville', '2022-02-03 01:37:04', '2022-02-03 01:37:04'),
(92, 4, 'Port Isidro', '2022-02-03 01:37:04', '2022-02-03 01:37:04'),
(93, 3, 'East Elnaview', '2022-02-03 01:37:04', '2022-02-03 01:37:04'),
(94, 4, 'Jenniferview', '2022-02-03 01:37:04', '2022-02-03 01:37:04'),
(95, 1, 'New Issacmouth', '2022-02-03 01:37:04', '2022-02-03 01:37:04'),
(96, 4, 'West Vivienne', '2022-02-03 01:37:04', '2022-02-03 01:37:04'),
(97, 3, 'West Hillary', '2022-02-03 01:37:04', '2022-02-03 01:37:04'),
(98, 3, 'Bergnaumshire', '2022-02-03 01:37:04', '2022-02-03 01:37:04'),
(99, 3, 'Mayraton', '2022-02-03 01:37:04', '2022-02-03 01:37:04'),
(100, 2, 'Bashirianfurt', '2022-02-03 01:37:04', '2022-02-03 01:37:04');

-- --------------------------------------------------------

--
-- Table structure for table `countries`
--

CREATE TABLE `countries` (
  `id` bigint(20) UNSIGNED NOT NULL,
  `con_name` varchar(255) COLLATE utf8mb4_unicode_ci NOT NULL,
  `created_at` timestamp NULL DEFAULT NULL,
  `updated_at` timestamp NULL DEFAULT NULL
) ENGINE=InnoDB DEFAULT CHARSET=utf8mb4 COLLATE=utf8mb4_unicode_ci;

--
-- Dumping data for table `countries`
--

INSERT INTO `countries` (`id`, `con_name`, `created_at`, `updated_at`) VALUES
(1, 'India', '2022-02-03 01:18:57', '2022-02-03 01:18:57'),
(2, 'Us', '2022-02-03 01:18:57', '2022-02-03 01:18:57'),
(3, 'Rassia', '2022-02-03 01:18:57', '2022-02-03 01:18:57'),
(4, 'Afrika', '2022-02-03 01:18:58', '2022-02-03 01:18:58');

-- --------------------------------------------------------

--
-- Table structure for table `employees`
--

CREATE TABLE `employees` (
  `id` bigint(20) UNSIGNED NOT NULL,
  `country_id` bigint(20) UNSIGNED NOT NULL,
  `city_id` bigint(20) UNSIGNED NOT NULL,
  `shop_id` bigint(20) UNSIGNED NOT NULL,
  `employee_name` varchar(255) COLLATE utf8mb4_unicode_ci NOT NULL,
  `emp_email` varchar(255) COLLATE utf8mb4_unicode_ci NOT NULL,
  `created_at` timestamp NULL DEFAULT NULL,
  `updated_at` timestamp NULL DEFAULT NULL
) ENGINE=InnoDB DEFAULT CHARSET=utf8mb4 COLLATE=utf8mb4_unicode_ci;

--
-- Dumping data for table `employees`
--

INSERT INTO `employees` (`id`, `country_id`, `city_id`, `shop_id`, `employee_name`, `emp_email`, `created_at`, `updated_at`) VALUES
(1, 4, 73, 249, 'Prof. Wyman Johnson III', 'sanford.godfrey@example.com', '2022-02-03 01:53:12', '2022-02-03 01:53:12'),
(2, 1, 18, 257, 'Dr. Kieran Bradtke', 'gerlach.chesley@example.net', '2022-02-03 01:53:12', '2022-02-03 01:53:12'),
(3, 4, 47, 257, 'Ransom Okuneva', 'marta23@example.com', '2022-02-03 01:53:12', '2022-02-03 01:53:12'),
(4, 3, 23, 226, 'Dr. Karson Smith', 'bernie.beahan@example.org', '2022-02-03 01:53:12', '2022-02-03 01:53:12'),
(5, 1, 19, 277, 'Cordell McLaughlin', 'addison69@example.com', '2022-02-03 01:53:12', '2022-02-03 01:53:12'),
(6, 2, 21, 223, 'Hugh Doyle', 'montana37@example.com', '2022-02-03 01:53:12', '2022-02-03 01:53:12'),
(7, 4, 92, 44, 'Martina Pollich', 'zulauf.janiya@example.com', '2022-02-03 01:53:12', '2022-02-03 01:53:12'),
(8, 1, 68, 153, 'Camila Jaskolski', 'pchristiansen@example.com', '2022-02-03 01:53:12', '2022-02-03 01:53:12'),
(9, 4, 70, 253, 'Lauryn Runte', 'ureichert@example.net', '2022-02-03 01:53:12', '2022-02-03 01:53:12'),
(10, 3, 55, 198, 'Sammy Keeling', 'heathcote.kayden@example.com', '2022-02-03 01:53:12', '2022-02-03 01:53:12'),
(11, 3, 50, 181, 'Ms. Liza Senger', 'wpfannerstill@example.org', '2022-02-03 01:53:12', '2022-02-03 01:53:12'),
(12, 2, 15, 29, 'Elvera Dibbert', 'lbogan@example.com', '2022-02-03 01:53:12', '2022-02-03 01:53:12'),
(13, 1, 13, 206, 'Dr. Anahi Okuneva II', 'cartwright.eula@example.net', '2022-02-03 01:53:12', '2022-02-03 01:53:12'),
(14, 2, 13, 289, 'Prof. Thalia Kutch', 'deckow.ramona@example.org', '2022-02-03 01:53:12', '2022-02-03 01:53:12'),
(15, 3, 91, 162, 'Salvatore Sanford', 'boehm.madie@example.org', '2022-02-03 01:53:12', '2022-02-03 01:53:12'),
(16, 1, 98, 170, 'Christa Mitchell', 'nsanford@example.org', '2022-02-03 01:53:12', '2022-02-03 01:53:12'),
(17, 2, 70, 242, 'Dora Jakubowski', 'bailey.aimee@example.com', '2022-02-03 01:53:12', '2022-02-03 01:53:12'),
(18, 3, 89, 79, 'Ludwig Rohan', 'quigley.bret@example.net', '2022-02-03 01:53:12', '2022-02-03 01:53:12'),
(19, 1, 27, 52, 'Dr. Magnolia Funk', 'margarita51@example.org', '2022-02-03 01:53:12', '2022-02-03 01:53:12'),
(20, 1, 55, 233, 'Darrel Feest', 'nikita57@example.net', '2022-02-03 01:53:12', '2022-02-03 01:53:12'),
(21, 2, 6, 71, 'Elody McLaughlin Sr.', 'esmeralda12@example.org', '2022-02-03 01:53:12', '2022-02-03 01:53:12'),
(22, 2, 47, 15, 'Dr. Myron Leuschke', 'nshanahan@example.net', '2022-02-03 01:53:12', '2022-02-03 01:53:12'),
(23, 4, 88, 138, 'Glennie Stamm DVM', 'ivy90@example.net', '2022-02-03 01:53:12', '2022-02-03 01:53:12'),
(24, 4, 9, 178, 'Theo Murphy III', 'wilhelmine68@example.com', '2022-02-03 01:53:12', '2022-02-03 01:53:12'),
(25, 3, 91, 196, 'Kenton Parisian Sr.', 'bdickinson@example.com', '2022-02-03 01:53:12', '2022-02-03 01:53:12'),
(26, 2, 54, 281, 'Dr. Summer Gibson', 'axel.murazik@example.org', '2022-02-03 01:53:12', '2022-02-03 01:53:12'),
(27, 2, 25, 268, 'Rupert Stokes II', 'gudrun.cruickshank@example.org', '2022-02-03 01:53:12', '2022-02-03 01:53:12'),
(28, 4, 40, 192, 'Mae Cummings', 'lang.chaya@example.net', '2022-02-03 01:53:12', '2022-02-03 01:53:12'),
(29, 1, 67, 130, 'Oran Lakin', 'ttoy@example.org', '2022-02-03 01:53:12', '2022-02-03 01:53:12'),
(30, 4, 59, 263, 'Jayda Gerlach Sr.', 'yundt.janiya@example.net', '2022-02-03 01:53:12', '2022-02-03 01:53:12'),
(31, 2, 32, 130, 'Kaleigh Runolfsson', 'ansel.padberg@example.com', '2022-02-03 01:53:12', '2022-02-03 01:53:12'),
(32, 4, 72, 18, 'Noel Mitchell Sr.', 'rgusikowski@example.com', '2022-02-03 01:53:12', '2022-02-03 01:53:12'),
(33, 3, 70, 179, 'Efren Stracke', 'mayert.anne@example.net', '2022-02-03 01:53:12', '2022-02-03 01:53:12'),
(34, 1, 61, 181, 'Ms. Luz Osinski DVM', 'monahan.micheal@example.net', '2022-02-03 01:53:12', '2022-02-03 01:53:12'),
(35, 1, 33, 76, 'Marcel Cruickshank', 'miller.verona@example.net', '2022-02-03 01:53:12', '2022-02-03 01:53:12'),
(36, 2, 94, 20, 'Jimmie Kuhn III', 'treutel.jazmyn@example.net', '2022-02-03 01:53:12', '2022-02-03 01:53:12'),
(37, 1, 37, 76, 'Mercedes Abernathy', 'ashleigh47@example.org', '2022-02-03 01:53:12', '2022-02-03 01:53:12'),
(38, 1, 21, 130, 'Odell Marquardt', 'theodora.oconnell@example.net', '2022-02-03 01:53:12', '2022-02-03 01:53:12'),
(39, 3, 43, 294, 'Ms. Twila Hartmann V', 'zander57@example.net', '2022-02-03 01:53:12', '2022-02-03 01:53:12'),
(40, 2, 83, 107, 'Meredith Medhurst', 'white.adella@example.org', '2022-02-03 01:53:12', '2022-02-03 01:53:12'),
(41, 1, 73, 110, 'Wilma Haley', 'agnes.schiller@example.com', '2022-02-03 01:53:12', '2022-02-03 01:53:12'),
(42, 2, 22, 30, 'Florence Lockman', 'eusebio78@example.com', '2022-02-03 01:53:12', '2022-02-03 01:53:12'),
(43, 2, 12, 218, 'Meredith Ullrich PhD', 'kautzer.katrina@example.com', '2022-02-03 01:53:12', '2022-02-03 01:53:12'),
(44, 4, 20, 91, 'Delbert Schinner', 'jjerde@example.com', '2022-02-03 01:53:12', '2022-02-03 01:53:12'),
(45, 1, 11, 148, 'Prof. Wendell Zieme', 'fbotsford@example.net', '2022-02-03 01:53:12', '2022-02-03 01:53:12'),
(46, 3, 47, 25, 'Prof. Weston Balistreri Jr.', 'jonatan.hickle@example.net', '2022-02-03 01:53:12', '2022-02-03 01:53:12'),
(47, 2, 26, 273, 'Jay Schultz', 'johara@example.com', '2022-02-03 01:53:12', '2022-02-03 01:53:12'),
(48, 2, 90, 273, 'Yasmine Bode', 'mercedes.rath@example.com', '2022-02-03 01:53:12', '2022-02-03 01:53:12'),
(49, 4, 40, 66, 'Mr. Torey Lowe', 'gkozey@example.org', '2022-02-03 01:53:12', '2022-02-03 01:53:12'),
(50, 1, 46, 107, 'Craig Tremblay', 'nicola.miller@example.org', '2022-02-03 01:53:12', '2022-02-03 01:53:12'),
(51, 1, 31, 151, 'Lauriane Mann', 'goodwin.kyleigh@example.net', '2022-02-03 01:53:12', '2022-02-03 01:53:12'),
(52, 4, 56, 34, 'Leopold Hirthe', 'abdul78@example.org', '2022-02-03 01:53:12', '2022-02-03 01:53:12'),
(53, 3, 20, 200, 'Theresia Gerhold III', 'tbeahan@example.net', '2022-02-03 01:53:12', '2022-02-03 01:53:12'),
(54, 4, 56, 84, 'Brock Dach', 'toney.harber@example.org', '2022-02-03 01:53:12', '2022-02-03 01:53:12'),
(55, 4, 28, 157, 'Dr. Josue Gutmann', 'utreutel@example.org', '2022-02-03 01:53:12', '2022-02-03 01:53:12'),
(56, 4, 50, 119, 'Jadon Wilderman', 'jacey45@example.com', '2022-02-03 01:53:12', '2022-02-03 01:53:12'),
(57, 4, 69, 278, 'Mr. Soledad Kilback I', 'leonora82@example.com', '2022-02-03 01:53:12', '2022-02-03 01:53:12'),
(58, 3, 68, 254, 'Miss Asa Daugherty II', 'carmine.oconnell@example.net', '2022-02-03 01:53:12', '2022-02-03 01:53:12'),
(59, 4, 90, 170, 'Lori Gerlach', 'gutkowski.adela@example.com', '2022-02-03 01:53:12', '2022-02-03 01:53:12'),
(60, 1, 65, 87, 'Shanelle Vandervort', 'nwindler@example.com', '2022-02-03 01:53:12', '2022-02-03 01:53:12'),
(61, 4, 48, 35, 'Prof. Gardner Thompson I', 'nparisian@example.org', '2022-02-03 01:53:12', '2022-02-03 01:53:12'),
(62, 2, 98, 117, 'Tiara Cassin', 'keebler.trenton@example.org', '2022-02-03 01:53:12', '2022-02-03 01:53:12'),
(63, 1, 8, 123, 'Ms. Trycia Weimann II', 'wolff.coby@example.com', '2022-02-03 01:53:12', '2022-02-03 01:53:12'),
(64, 4, 5, 38, 'Constance Oberbrunner', 'nicole.senger@example.net', '2022-02-03 01:53:12', '2022-02-03 01:53:12'),
(65, 2, 80, 21, 'Oliver Hirthe DDS', 'drew.rice@example.net', '2022-02-03 01:53:12', '2022-02-03 01:53:12'),
(66, 3, 4, 196, 'Howard Swaniawski Sr.', 'nyah11@example.net', '2022-02-03 01:53:12', '2022-02-03 01:53:12'),
(67, 2, 33, 263, 'Stewart Wehner PhD', 'darrick.oconnell@example.net', '2022-02-03 01:53:12', '2022-02-03 01:53:12'),
(68, 4, 55, 157, 'Jackie Friesen', 'ervin.mckenzie@example.com', '2022-02-03 01:53:12', '2022-02-03 01:53:12'),
(69, 3, 51, 74, 'Ezequiel Fadel IV', 'ldare@example.net', '2022-02-03 01:53:12', '2022-02-03 01:53:12'),
(70, 3, 6, 223, 'Miss Viola Gleason MD', 'hauck.deontae@example.org', '2022-02-03 01:53:12', '2022-02-03 01:53:12'),
(71, 3, 54, 280, 'Prof. Rebekah Kozey Sr.', 'emacejkovic@example.net', '2022-02-03 01:53:12', '2022-02-03 01:53:12'),
(72, 2, 87, 21, 'Verna Lynch', 'bkirlin@example.com', '2022-02-03 01:53:12', '2022-02-03 01:53:12'),
(73, 4, 35, 85, 'Brycen Ortiz', 'llewellyn.mayert@example.net', '2022-02-03 01:53:12', '2022-02-03 01:53:12'),
(74, 3, 90, 202, 'Mr. Rico Reynolds IV', 'jlarkin@example.com', '2022-02-03 01:53:12', '2022-02-03 01:53:12'),
(75, 2, 40, 198, 'Bryon Price', 'white.gretchen@example.net', '2022-02-03 01:53:12', '2022-02-03 01:53:12'),
(76, 3, 86, 104, 'Ms. Francesca O\'Connell V', 'lucie.bergnaum@example.com', '2022-02-03 01:53:12', '2022-02-03 01:53:12'),
(77, 1, 31, 228, 'Sylvan Boehm', 'wreinger@example.org', '2022-02-03 01:53:12', '2022-02-03 01:53:12'),
(78, 2, 86, 177, 'Prof. Ayla Bailey IV', 'vtromp@example.net', '2022-02-03 01:53:12', '2022-02-03 01:53:12'),
(79, 2, 49, 61, 'Ally Harvey', 'carlotta64@example.org', '2022-02-03 01:53:12', '2022-02-03 01:53:12'),
(80, 1, 68, 104, 'Mr. Tremayne Abernathy', 'nspencer@example.net', '2022-02-03 01:53:12', '2022-02-03 01:53:12'),
(81, 1, 9, 163, 'Mrs. Aryanna Wiza DDS', 'rosalee.cremin@example.org', '2022-02-03 01:53:12', '2022-02-03 01:53:12'),
(82, 2, 90, 89, 'Mr. Jarod Crist', 'harrison43@example.net', '2022-02-03 01:53:12', '2022-02-03 01:53:12'),
(83, 1, 68, 58, 'Cindy Kub', 'nia49@example.net', '2022-02-03 01:53:12', '2022-02-03 01:53:12'),
(84, 2, 79, 199, 'Dr. Karson Johns V', 'estel.goodwin@example.org', '2022-02-03 01:53:12', '2022-02-03 01:53:12'),
(85, 3, 35, 63, 'Abel Price', 'lauretta.gaylord@example.org', '2022-02-03 01:53:12', '2022-02-03 01:53:12'),
(86, 3, 49, 74, 'Prof. Gisselle Ratke', 'margret.murphy@example.org', '2022-02-03 01:53:12', '2022-02-03 01:53:12'),
(87, 3, 83, 95, 'Delfina Metz', 'rodriguez.jake@example.org', '2022-02-03 01:53:12', '2022-02-03 01:53:12'),
(88, 4, 70, 104, 'Hulda Nitzsche', 'iwillms@example.net', '2022-02-03 01:53:12', '2022-02-03 01:53:12'),
(89, 3, 88, 296, 'Jayde Hessel DVM', 'jmitchell@example.net', '2022-02-03 01:53:12', '2022-02-03 01:53:12'),
(90, 1, 6, 196, 'Sophie Olson', 'haylee.hyatt@example.org', '2022-02-03 01:53:12', '2022-02-03 01:53:12'),
(91, 4, 5, 152, 'Dr. Ansley Kertzmann PhD', 'rahsaan.stokes@example.com', '2022-02-03 01:53:12', '2022-02-03 01:53:12'),
(92, 2, 92, 17, 'Marge Hermiston', 'ernie14@example.com', '2022-02-03 01:53:12', '2022-02-03 01:53:12'),
(93, 2, 58, 265, 'Dr. Leonor Adams', 'corene96@example.org', '2022-02-03 01:53:12', '2022-02-03 01:53:12'),
(94, 1, 10, 254, 'Esther Wuckert', 'oritchie@example.net', '2022-02-03 01:53:12', '2022-02-03 01:53:12'),
(95, 4, 36, 40, 'Prof. Hazle Metz Sr.', 'esta.aufderhar@example.org', '2022-02-03 01:53:12', '2022-02-03 01:53:12'),
(96, 3, 91, 300, 'Maximilian Marvin PhD', 'mose83@example.org', '2022-02-03 01:53:12', '2022-02-03 01:53:12'),
(97, 1, 16, 253, 'Horacio Pagac', 'hickle.moses@example.com', '2022-02-03 01:53:12', '2022-02-03 01:53:12'),
(98, 4, 82, 254, 'Ms. Haven Feeney', 'malcolm.waters@example.org', '2022-02-03 01:53:12', '2022-02-03 01:53:12'),
(99, 4, 7, 69, 'Jolie Sporer', 'bartoletti.ariel@example.org', '2022-02-03 01:53:12', '2022-02-03 01:53:12'),
(100, 1, 77, 26, 'Nora Wilderman', 'roob.alaina@example.net', '2022-02-03 01:53:12', '2022-02-03 01:53:12'),
(101, 3, 93, 166, 'Dr. Emilia Kshlerin Jr.', 'drunolfsson@example.com', '2022-02-03 01:53:12', '2022-02-03 01:53:12'),
(102, 4, 32, 193, 'Melody Gerhold', 'ucrona@example.org', '2022-02-03 01:53:13', '2022-02-03 01:53:13'),
(103, 2, 62, 31, 'Ms. Dariana Shanahan PhD', 'block.kariane@example.net', '2022-02-03 01:53:13', '2022-02-03 01:53:13'),
(104, 2, 8, 36, 'Octavia Beer', 'rgoldner@example.net', '2022-02-03 01:53:13', '2022-02-03 01:53:13'),
(105, 4, 89, 261, 'Jennifer Stark', 'tate.beier@example.com', '2022-02-03 01:53:13', '2022-02-03 01:53:13'),
(106, 4, 29, 187, 'Frederick Turcotte', 'tmosciski@example.net', '2022-02-03 01:53:13', '2022-02-03 01:53:13'),
(107, 2, 3, 20, 'Hudson Smitham', 'moen.nelda@example.net', '2022-02-03 01:53:13', '2022-02-03 01:53:13'),
(108, 2, 64, 200, 'Joshua Vandervort', 'ariel79@example.net', '2022-02-03 01:53:13', '2022-02-03 01:53:13'),
(109, 1, 31, 71, 'Mason Mayert IV', 'crooks.daren@example.com', '2022-02-03 01:53:13', '2022-02-03 01:53:13'),
(110, 2, 54, 2, 'Norma Predovic III', 'wlind@example.net', '2022-02-03 01:53:13', '2022-02-03 01:53:13'),
(111, 1, 40, 231, 'Alfreda Ledner IV', 'granville51@example.org', '2022-02-03 01:53:13', '2022-02-03 01:53:13'),
(112, 3, 87, 171, 'Mrs. Samanta Spencer', 'monahan.lilliana@example.com', '2022-02-03 01:53:13', '2022-02-03 01:53:13'),
(113, 3, 35, 85, 'Nova Altenwerth', 'mozell.pouros@example.com', '2022-02-03 01:53:13', '2022-02-03 01:53:13'),
(114, 1, 34, 142, 'Lolita Quitzon', 'kendra03@example.net', '2022-02-03 01:53:13', '2022-02-03 01:53:13'),
(115, 2, 4, 50, 'Darlene Brekke', 'anibal.schmeler@example.com', '2022-02-03 01:53:13', '2022-02-03 01:53:13'),
(116, 1, 15, 240, 'Arne Strosin', 'urath@example.com', '2022-02-03 01:53:13', '2022-02-03 01:53:13'),
(117, 3, 53, 175, 'Van Murazik II', 'emerson66@example.org', '2022-02-03 01:53:13', '2022-02-03 01:53:13'),
(118, 1, 64, 188, 'Jamaal Jacobs Jr.', 'brice81@example.com', '2022-02-03 01:53:13', '2022-02-03 01:53:13'),
(119, 4, 18, 261, 'Milford Ryan', 'valerie.wiegand@example.com', '2022-02-03 01:53:13', '2022-02-03 01:53:13'),
(120, 3, 57, 192, 'Orrin Boyer', 'considine.micah@example.net', '2022-02-03 01:53:13', '2022-02-03 01:53:13'),
(121, 3, 84, 211, 'Sandra Johnson', 'antonetta.marquardt@example.org', '2022-02-03 01:53:13', '2022-02-03 01:53:13'),
(122, 2, 58, 135, 'Ana Ritchie', 'easton.stark@example.net', '2022-02-03 01:53:13', '2022-02-03 01:53:13'),
(123, 2, 95, 79, 'Mrs. Kayla Turcotte', 'russel.amani@example.com', '2022-02-03 01:53:13', '2022-02-03 01:53:13'),
(124, 2, 14, 144, 'Nellie Daniel', 'keaton.grant@example.net', '2022-02-03 01:53:13', '2022-02-03 01:53:13'),
(125, 3, 59, 86, 'Adela Dare', 'ulesch@example.com', '2022-02-03 01:53:13', '2022-02-03 01:53:13'),
(126, 1, 91, 142, 'Adrienne Mohr DVM', 'mhermann@example.org', '2022-02-03 01:53:13', '2022-02-03 01:53:13'),
(127, 2, 47, 94, 'Presley Hackett Sr.', 'heller.madie@example.org', '2022-02-03 01:53:13', '2022-02-03 01:53:13'),
(128, 4, 81, 224, 'Dr. Emmett Rodriguez II', 'stanton61@example.net', '2022-02-03 01:53:13', '2022-02-03 01:53:13'),
(129, 3, 97, 61, 'Sarai Klein', 'jast.khalid@example.org', '2022-02-03 01:53:13', '2022-02-03 01:53:13'),
(130, 2, 96, 18, 'Kaitlin Runte II', 'liza48@example.net', '2022-02-03 01:53:13', '2022-02-03 01:53:13'),
(131, 1, 61, 28, 'Gunner Treutel I', 'johns.kevon@example.org', '2022-02-03 01:53:13', '2022-02-03 01:53:13'),
(132, 2, 10, 172, 'Breanna Wolf', 'ftowne@example.com', '2022-02-03 01:53:13', '2022-02-03 01:53:13'),
(133, 2, 82, 99, 'Madyson Littel', 'dicki.benton@example.net', '2022-02-03 01:53:13', '2022-02-03 01:53:13'),
(134, 3, 14, 39, 'Jerry Medhurst', 'krajcik.royal@example.org', '2022-02-03 01:53:13', '2022-02-03 01:53:13'),
(135, 1, 49, 208, 'Stacy Wehner', 'mackenzie.olson@example.net', '2022-02-03 01:53:13', '2022-02-03 01:53:13'),
(136, 2, 51, 75, 'Dr. Rogers Lind', 'preston71@example.org', '2022-02-03 01:53:13', '2022-02-03 01:53:13'),
(137, 3, 89, 107, 'Helena Bogan', 'frank20@example.com', '2022-02-03 01:53:13', '2022-02-03 01:53:13'),
(138, 1, 35, 126, 'Tressa Waelchi', 'senger.precious@example.org', '2022-02-03 01:53:13', '2022-02-03 01:53:13'),
(139, 2, 60, 217, 'Virgil Smith', 'modesto19@example.org', '2022-02-03 01:53:13', '2022-02-03 01:53:13'),
(140, 2, 43, 23, 'Bulah Bauch MD', 'prosacco.randi@example.com', '2022-02-03 01:53:13', '2022-02-03 01:53:13'),
(141, 2, 37, 71, 'Stacey Cole', 'cassie96@example.org', '2022-02-03 01:53:13', '2022-02-03 01:53:13'),
(142, 1, 55, 56, 'Mozell Gislason', 'xchamplin@example.org', '2022-02-03 01:53:13', '2022-02-03 01:53:13'),
(143, 1, 89, 149, 'Miss Madaline Schimmel', 'eleanora.hyatt@example.net', '2022-02-03 01:53:13', '2022-02-03 01:53:13'),
(144, 1, 61, 182, 'Effie Goyette', 'ykertzmann@example.com', '2022-02-03 01:53:13', '2022-02-03 01:53:13'),
(145, 4, 100, 257, 'Jaylon Rohan', 'murphy.sven@example.org', '2022-02-03 01:53:13', '2022-02-03 01:53:13'),
(146, 4, 93, 211, 'Dr. Jess Gutmann', 'nblick@example.net', '2022-02-03 01:53:13', '2022-02-03 01:53:13'),
(147, 1, 4, 99, 'Dedric Kertzmann MD', 'karina.ankunding@example.net', '2022-02-03 01:53:13', '2022-02-03 01:53:13'),
(148, 2, 76, 21, 'Ashleigh Cartwright', 'maia43@example.org', '2022-02-03 01:53:13', '2022-02-03 01:53:13'),
(149, 1, 78, 270, 'Jannie Renner', 'madyson.upton@example.net', '2022-02-03 01:53:13', '2022-02-03 01:53:13'),
(150, 3, 83, 117, 'Bryana Aufderhar', 'alvah22@example.com', '2022-02-03 01:53:13', '2022-02-03 01:53:13'),
(151, 2, 84, 240, 'Miss Tania Macejkovic', 'kaylee.koss@example.org', '2022-02-03 01:53:13', '2022-02-03 01:53:13'),
(152, 1, 27, 237, 'Landen Runolfsson', 'satterfield.cecile@example.com', '2022-02-03 01:53:13', '2022-02-03 01:53:13'),
(153, 4, 60, 234, 'Otis Dicki', 'matilda.gleason@example.com', '2022-02-03 01:53:13', '2022-02-03 01:53:13'),
(154, 4, 7, 158, 'Bryon Feeney', 'lemke.providenci@example.org', '2022-02-03 01:53:13', '2022-02-03 01:53:13'),
(155, 4, 6, 110, 'Prof. Maeve Langworth III', 'mills.estel@example.org', '2022-02-03 01:53:13', '2022-02-03 01:53:13'),
(156, 1, 44, 174, 'Prof. Jewel Koepp', 'laverne54@example.com', '2022-02-03 01:53:13', '2022-02-03 01:53:13'),
(157, 4, 92, 142, 'Mr. Guiseppe Schinner PhD', 'earnestine15@example.com', '2022-02-03 01:53:13', '2022-02-03 01:53:13'),
(158, 2, 5, 84, 'Cindy Paucek I', 'freda.prohaska@example.com', '2022-02-03 01:53:13', '2022-02-03 01:53:13'),
(159, 2, 64, 195, 'Gunner Nicolas', 'rachelle74@example.net', '2022-02-03 01:53:13', '2022-02-03 01:53:13'),
(160, 2, 77, 77, 'Irma Collins', 'nupton@example.org', '2022-02-03 01:53:13', '2022-02-03 01:53:13'),
(161, 3, 37, 14, 'Miss Monique Reichel DVM', 'raoul.prohaska@example.org', '2022-02-03 01:53:13', '2022-02-03 01:53:13'),
(162, 3, 14, 253, 'Prof. Kenna Mraz IV', 'destiney58@example.net', '2022-02-03 01:53:13', '2022-02-03 01:53:13'),
(163, 2, 91, 18, 'Major Little', 'schmeler.ardella@example.org', '2022-02-03 01:53:13', '2022-02-03 01:53:13'),
(164, 1, 89, 280, 'Mr. Lowell Runolfsdottir', 'padberg.effie@example.org', '2022-02-03 01:53:13', '2022-02-03 01:53:13'),
(165, 2, 68, 257, 'Dante Jast', 'rmayert@example.org', '2022-02-03 01:53:13', '2022-02-03 01:53:13'),
(166, 2, 36, 247, 'Maximillia Swift', 'guido90@example.com', '2022-02-03 01:53:13', '2022-02-03 01:53:13'),
(167, 2, 98, 181, 'Prof. Brenda Dooley III', 'lyla.mayert@example.com', '2022-02-03 01:53:13', '2022-02-03 01:53:13'),
(168, 1, 33, 250, 'Prof. Percival Shanahan I', 'rebecca.gottlieb@example.com', '2022-02-03 01:53:13', '2022-02-03 01:53:13'),
(169, 4, 43, 247, 'Alexandra Funk', 'linwood61@example.net', '2022-02-03 01:53:13', '2022-02-03 01:53:13'),
(170, 2, 58, 55, 'Philip Abernathy', 'martin.pacocha@example.com', '2022-02-03 01:53:13', '2022-02-03 01:53:13'),
(171, 4, 11, 109, 'Joy Wyman', 'deron27@example.net', '2022-02-03 01:53:13', '2022-02-03 01:53:13'),
(172, 2, 44, 207, 'Erling Douglas', 'khalil.marquardt@example.com', '2022-02-03 01:53:13', '2022-02-03 01:53:13'),
(173, 1, 8, 161, 'Dr. Pearline Beer I', 'katlyn60@example.org', '2022-02-03 01:53:13', '2022-02-03 01:53:13'),
(174, 1, 8, 213, 'Mr. Tillman Zemlak', 'khalvorson@example.com', '2022-02-03 01:53:13', '2022-02-03 01:53:13'),
(175, 4, 88, 124, 'Marcelino Feeney', 'parker.cordelia@example.net', '2022-02-03 01:53:13', '2022-02-03 01:53:13'),
(176, 2, 79, 23, 'Wilfrid Denesik', 'nathanial.abernathy@example.net', '2022-02-03 01:53:13', '2022-02-03 01:53:13'),
(177, 1, 84, 283, 'Aryanna Grimes', 'adell.parker@example.org', '2022-02-03 01:53:13', '2022-02-03 01:53:13'),
(178, 3, 31, 173, 'Zita Nicolas', 'toney92@example.com', '2022-02-03 01:53:13', '2022-02-03 01:53:13'),
(179, 3, 54, 109, 'Laury Bechtelar', 'candelario.veum@example.net', '2022-02-03 01:53:13', '2022-02-03 01:53:13'),
(180, 4, 69, 59, 'Sadie Bayer', 'cooper18@example.org', '2022-02-03 01:53:13', '2022-02-03 01:53:13'),
(181, 1, 62, 274, 'Russell Schneider PhD', 'quitzon.cynthia@example.net', '2022-02-03 01:53:13', '2022-02-03 01:53:13'),
(182, 2, 28, 14, 'Miss Rebeka Simonis Jr.', 'reichmann@example.com', '2022-02-03 01:53:13', '2022-02-03 01:53:13'),
(183, 1, 99, 126, 'Viola Greenfelder', 'ahmad.medhurst@example.net', '2022-02-03 01:53:13', '2022-02-03 01:53:13'),
(184, 1, 90, 277, 'Trevor Nikolaus', 'margarita.ebert@example.com', '2022-02-03 01:53:13', '2022-02-03 01:53:13'),
(185, 1, 47, 288, 'Stephan Ruecker', 'wiza.casimer@example.net', '2022-02-03 01:53:13', '2022-02-03 01:53:13'),
(186, 4, 40, 140, 'Chandler Legros', 'eldora54@example.org', '2022-02-03 01:53:13', '2022-02-03 01:53:13'),
(187, 3, 58, 75, 'Miss Emily Crona', 'barton.aleen@example.com', '2022-02-03 01:53:13', '2022-02-03 01:53:13'),
(188, 3, 71, 107, 'Macy Simonis', 'bbrekke@example.net', '2022-02-03 01:53:13', '2022-02-03 01:53:13'),
(189, 4, 72, 220, 'Elian Heathcote', 'pouros.rickey@example.net', '2022-02-03 01:53:13', '2022-02-03 01:53:13'),
(190, 2, 3, 296, 'Dr. Deven Cartwright', 'percival26@example.com', '2022-02-03 01:53:13', '2022-02-03 01:53:13'),
(191, 3, 90, 199, 'Keira Oberbrunner', 'enrico.treutel@example.org', '2022-02-03 01:53:13', '2022-02-03 01:53:13'),
(192, 2, 30, 218, 'Naomi Hill', 'lia48@example.net', '2022-02-03 01:53:13', '2022-02-03 01:53:13'),
(193, 3, 44, 114, 'Dr. Aiden Gleichner', 'lprice@example.net', '2022-02-03 01:53:13', '2022-02-03 01:53:13'),
(194, 2, 28, 221, 'Esteban Stiedemann PhD', 'maryjane.kunze@example.org', '2022-02-03 01:53:13', '2022-02-03 01:53:13'),
(195, 1, 25, 80, 'Gay Ebert', 'barrows.juana@example.net', '2022-02-03 01:53:13', '2022-02-03 01:53:13'),
(196, 4, 29, 2, 'Mrs. Gwendolyn Bayer IV', 'buford63@example.net', '2022-02-03 01:53:13', '2022-02-03 01:53:13'),
(197, 4, 44, 175, 'Mikel Buckridge Jr.', 'alta92@example.net', '2022-02-03 01:53:13', '2022-02-03 01:53:13'),
(198, 1, 87, 132, 'Mr. Damien Schinner III', 'prince55@example.org', '2022-02-03 01:53:13', '2022-02-03 01:53:13'),
(199, 2, 56, 281, 'Electa Jaskolski III', 'uhickle@example.net', '2022-02-03 01:53:13', '2022-02-03 01:53:13'),
(200, 4, 71, 169, 'Brenda Roberts', 'gertrude.maggio@example.org', '2022-02-03 01:53:13', '2022-02-03 01:53:13'),
(201, 1, 96, 250, 'Judd Heidenreich', 'sanford.predovic@example.org', '2022-02-03 01:53:13', '2022-02-03 01:53:13'),
(202, 4, 29, 10, 'Prof. Shawn O\'Keefe PhD', 'oma73@example.net', '2022-02-03 01:53:13', '2022-02-03 01:53:13'),
(203, 4, 38, 61, 'Mya Rolfson DDS', 'jast.veda@example.net', '2022-02-03 01:53:13', '2022-02-03 01:53:13'),
(204, 2, 50, 66, 'Dana Feeney', 'lbarrows@example.org', '2022-02-03 01:53:13', '2022-02-03 01:53:13'),
(205, 4, 92, 227, 'Allan Rath I', 'ocassin@example.org', '2022-02-03 01:53:13', '2022-02-03 01:53:13'),
(206, 1, 2, 269, 'Trevor Streich', 'cfranecki@example.com', '2022-02-03 01:53:13', '2022-02-03 01:53:13'),
(207, 3, 82, 82, 'Antonetta Brakus', 'eudora.hammes@example.net', '2022-02-03 01:53:13', '2022-02-03 01:53:13'),
(208, 2, 12, 99, 'Brenda Schowalter', 'kokuneva@example.net', '2022-02-03 01:53:13', '2022-02-03 01:53:13'),
(209, 2, 28, 172, 'Eleazar Muller', 'dusty.boyle@example.net', '2022-02-03 01:53:13', '2022-02-03 01:53:13'),
(210, 1, 11, 236, 'Dr. Nolan Ullrich', 'frami.rollin@example.org', '2022-02-03 01:53:13', '2022-02-03 01:53:13'),
(211, 4, 2, 139, 'Lane Roob II', 'qthiel@example.com', '2022-02-03 01:53:13', '2022-02-03 01:53:13'),
(212, 4, 8, 183, 'Rosina Blick', 'lhickle@example.net', '2022-02-03 01:53:13', '2022-02-03 01:53:13'),
(213, 4, 65, 43, 'Ashlee O\'Connell MD', 'wlubowitz@example.org', '2022-02-03 01:53:13', '2022-02-03 01:53:13'),
(214, 1, 10, 1, 'Citlalli Leffler', 'tbeer@example.net', '2022-02-03 01:53:13', '2022-02-03 01:53:13'),
(215, 1, 20, 156, 'Ralph Corwin', 'bcrist@example.net', '2022-02-03 01:53:13', '2022-02-03 01:53:13'),
(216, 4, 84, 212, 'Jazmyne Predovic', 'melba.schumm@example.com', '2022-02-03 01:53:13', '2022-02-03 01:53:13'),
(217, 1, 13, 299, 'Miss Ashley Cole MD', 'velma84@example.net', '2022-02-03 01:53:13', '2022-02-03 01:53:13'),
(218, 3, 55, 40, 'Miss Verdie Farrell', 'anna.thompson@example.net', '2022-02-03 01:53:13', '2022-02-03 01:53:13'),
(219, 4, 81, 45, 'Birdie Dooley', 'regan.treutel@example.com', '2022-02-03 01:53:13', '2022-02-03 01:53:13'),
(220, 2, 11, 160, 'Harold Cassin IV', 'roderick.schuster@example.org', '2022-02-03 01:53:13', '2022-02-03 01:53:13'),
(221, 2, 48, 74, 'Dr. Louvenia Schmitt I', 'mariane64@example.net', '2022-02-03 01:53:13', '2022-02-03 01:53:13'),
(222, 3, 74, 118, 'Devan Batz', 'hpollich@example.org', '2022-02-03 01:53:13', '2022-02-03 01:53:13'),
(223, 1, 44, 211, 'Oleta West', 'candice47@example.net', '2022-02-03 01:53:13', '2022-02-03 01:53:13'),
(224, 3, 59, 228, 'Leilani Hintz PhD', 'vjaskolski@example.com', '2022-02-03 01:53:13', '2022-02-03 01:53:13'),
(225, 3, 48, 116, 'Marcelina Daugherty', 'epowlowski@example.net', '2022-02-03 01:53:13', '2022-02-03 01:53:13'),
(226, 1, 14, 74, 'Dr. Alvis Marquardt I', 'kuvalis.melany@example.org', '2022-02-03 01:53:13', '2022-02-03 01:53:13'),
(227, 1, 26, 164, 'Justine Gottlieb', 'earl56@example.net', '2022-02-03 01:53:13', '2022-02-03 01:53:13'),
(228, 4, 51, 279, 'Ms. Sadye Lowe I', 'lura.johns@example.com', '2022-02-03 01:53:13', '2022-02-03 01:53:13'),
(229, 2, 88, 292, 'Christelle Hackett', 'zakary80@example.org', '2022-02-03 01:53:13', '2022-02-03 01:53:13'),
(230, 3, 59, 170, 'Cecile Romaguera Sr.', 'cstoltenberg@example.net', '2022-02-03 01:53:13', '2022-02-03 01:53:13'),
(231, 2, 96, 87, 'Dr. Donnell Larkin', 'tsauer@example.com', '2022-02-03 01:53:13', '2022-02-03 01:53:13'),
(232, 1, 76, 178, 'Elnora Haley', 'heathcote.jedidiah@example.net', '2022-02-03 01:53:13', '2022-02-03 01:53:13'),
(233, 4, 32, 187, 'Mayra Bechtelar III', 'vrogahn@example.net', '2022-02-03 01:53:13', '2022-02-03 01:53:13'),
(234, 1, 73, 268, 'Mr. Nicola Auer', 'ukozey@example.org', '2022-02-03 01:53:13', '2022-02-03 01:53:13'),
(235, 3, 81, 266, 'Christopher Gottlieb', 'rohan.xzavier@example.net', '2022-02-03 01:53:13', '2022-02-03 01:53:13'),
(236, 3, 82, 201, 'Mr. Jakob O\'Connell Sr.', 'harvey.rosendo@example.net', '2022-02-03 01:53:13', '2022-02-03 01:53:13'),
(237, 3, 64, 276, 'Eveline Fisher II', 'kozey.glen@example.com', '2022-02-03 01:53:13', '2022-02-03 01:53:13'),
(238, 1, 21, 174, 'Ali Carter', 'jones.amber@example.org', '2022-02-03 01:53:13', '2022-02-03 01:53:13'),
(239, 3, 7, 255, 'Marquis Zboncak', 'oscar.heidenreich@example.org', '2022-02-03 01:53:13', '2022-02-03 01:53:13'),
(240, 2, 20, 66, 'Mr. Jaylon Moen', 'pnicolas@example.com', '2022-02-03 01:53:13', '2022-02-03 01:53:13'),
(241, 3, 60, 137, 'Prof. Oliver Berge Sr.', 'pdickens@example.net', '2022-02-03 01:53:13', '2022-02-03 01:53:13'),
(242, 4, 31, 45, 'Ms. Dolly Jacobs', 'ruben24@example.net', '2022-02-03 01:53:13', '2022-02-03 01:53:13'),
(243, 1, 100, 1, 'Dorothea Schaefer', 'crona.tomasa@example.org', '2022-02-03 01:53:13', '2022-02-03 01:53:13'),
(244, 3, 50, 290, 'Mrs. Sadie Wiza', 'shyann52@example.net', '2022-02-03 01:53:13', '2022-02-03 01:53:13'),
(245, 3, 13, 234, 'Aliyah Goodwin', 'jcrona@example.org', '2022-02-03 01:53:13', '2022-02-03 01:53:13'),
(246, 1, 52, 220, 'Carolanne Prohaska', 'beier.kevin@example.net', '2022-02-03 01:53:13', '2022-02-03 01:53:13'),
(247, 3, 45, 25, 'Mr. Nat Prohaska', 'kody49@example.org', '2022-02-03 01:53:13', '2022-02-03 01:53:13'),
(248, 3, 34, 82, 'Elva Stanton', 'destiny00@example.net', '2022-02-03 01:53:13', '2022-02-03 01:53:13'),
(249, 2, 98, 286, 'Manuela Conn', 'vonrueden.diego@example.org', '2022-02-03 01:53:13', '2022-02-03 01:53:13'),
(250, 4, 62, 138, 'Manuela Bins', 'hbarton@example.org', '2022-02-03 01:53:13', '2022-02-03 01:53:13'),
(251, 4, 83, 107, 'Rocky Fahey', 'frobel@example.org', '2022-02-03 01:53:13', '2022-02-03 01:53:13'),
(252, 2, 27, 271, 'Mrs. Vernie Pfannerstill', 'effertz.oren@example.com', '2022-02-03 01:53:13', '2022-02-03 01:53:13'),
(253, 1, 47, 118, 'Florian Mraz', 'kautzer.eileen@example.org', '2022-02-03 01:53:13', '2022-02-03 01:53:13'),
(254, 2, 26, 132, 'Miss Kendra Veum IV', 'adrian.crist@example.net', '2022-02-03 01:53:13', '2022-02-03 01:53:13'),
(255, 2, 39, 95, 'Paula Legros IV', 'jasmin.raynor@example.net', '2022-02-03 01:53:13', '2022-02-03 01:53:13'),
(256, 3, 11, 67, 'Ms. Jeanie Grady', 'shanahan.rebekah@example.org', '2022-02-03 01:53:13', '2022-02-03 01:53:13'),
(257, 2, 25, 97, 'Prof. Andres Barton Sr.', 'blanda.chase@example.org', '2022-02-03 01:53:13', '2022-02-03 01:53:13'),
(258, 2, 38, 151, 'Kenyon Carter IV', 'jose.raynor@example.org', '2022-02-03 01:53:13', '2022-02-03 01:53:13'),
(259, 2, 84, 177, 'Miss Annabel Zulauf I', 'randy49@example.org', '2022-02-03 01:53:13', '2022-02-03 01:53:13'),
(260, 4, 47, 240, 'Mathilde Jacobi', 'alverta.mertz@example.com', '2022-02-03 01:53:13', '2022-02-03 01:53:13'),
(261, 3, 7, 17, 'Leopold Kunde', 'bmaggio@example.com', '2022-02-03 01:53:13', '2022-02-03 01:53:13'),
(262, 3, 40, 264, 'Brandt Hansen', 'howell.winnifred@example.org', '2022-02-03 01:53:13', '2022-02-03 01:53:13'),
(263, 2, 93, 75, 'Johnathon Prohaska', 'agreenholt@example.com', '2022-02-03 01:53:13', '2022-02-03 01:53:13'),
(264, 1, 98, 126, 'Chesley Treutel', 'hayes.jorge@example.org', '2022-02-03 01:53:13', '2022-02-03 01:53:13'),
(265, 2, 58, 140, 'Prof. Jeanette Mann V', 'imante@example.org', '2022-02-03 01:53:13', '2022-02-03 01:53:13'),
(266, 1, 26, 267, 'Lila McDermott', 'kevon42@example.com', '2022-02-03 01:53:13', '2022-02-03 01:53:13'),
(267, 4, 9, 161, 'Dr. Lolita Kuphal I', 'celestine.hettinger@example.net', '2022-02-03 01:53:13', '2022-02-03 01:53:13'),
(268, 3, 44, 114, 'Destini Monahan', 'robel.eugene@example.org', '2022-02-03 01:53:13', '2022-02-03 01:53:13'),
(269, 4, 47, 10, 'Danyka Torphy', 'jaydon85@example.com', '2022-02-03 01:53:13', '2022-02-03 01:53:13'),
(270, 3, 42, 125, 'Elza Lakin', 'shomenick@example.net', '2022-02-03 01:53:13', '2022-02-03 01:53:13'),
(271, 2, 10, 286, 'Dr. Skyla Leannon', 'uritchie@example.net', '2022-02-03 01:53:13', '2022-02-03 01:53:13'),
(272, 2, 4, 24, 'Mr. Darron Heller I', 'bailey.pauline@example.com', '2022-02-03 01:53:13', '2022-02-03 01:53:13'),
(273, 2, 3, 96, 'River Steuber', 'qadams@example.net', '2022-02-03 01:53:13', '2022-02-03 01:53:13'),
(274, 2, 99, 275, 'Angus Anderson', 'nasir.rath@example.net', '2022-02-03 01:53:13', '2022-02-03 01:53:13'),
(275, 1, 46, 128, 'Tara O\'Hara', 'vbrown@example.net', '2022-02-03 01:53:13', '2022-02-03 01:53:13'),
(276, 3, 7, 195, 'Angel Wunsch', 'zstark@example.org', '2022-02-03 01:53:13', '2022-02-03 01:53:13'),
(277, 3, 71, 205, 'Rachelle Murphy', 'manuel.oconnell@example.net', '2022-02-03 01:53:13', '2022-02-03 01:53:13'),
(278, 2, 23, 153, 'Aliya Kuhic', 'bprosacco@example.net', '2022-02-03 01:53:13', '2022-02-03 01:53:13'),
(279, 1, 1, 134, 'Berta Beer', 'german10@example.org', '2022-02-03 01:53:13', '2022-02-03 01:53:13'),
(280, 2, 50, 254, 'Dr. Ottilie Mitchell DDS', 'marlen36@example.com', '2022-02-03 01:53:13', '2022-02-03 01:53:13'),
(281, 1, 17, 62, 'Mr. Grover Becker', 'tohara@example.com', '2022-02-03 01:53:13', '2022-02-03 01:53:13'),
(282, 1, 81, 77, 'Dr. Maxwell Crona Jr.', 'alek63@example.org', '2022-02-03 01:53:13', '2022-02-03 01:53:13'),
(283, 2, 36, 186, 'Prof. Kory Beier II', 'jschiller@example.net', '2022-02-03 01:53:13', '2022-02-03 01:53:13'),
(284, 4, 98, 12, 'Jackie Kreiger', 'vskiles@example.com', '2022-02-03 01:53:13', '2022-02-03 01:53:13'),
(285, 2, 96, 266, 'Kim Lang', 'nettie.dietrich@example.org', '2022-02-03 01:53:13', '2022-02-03 01:53:13'),
(286, 3, 41, 3, 'Helene Parker PhD', 'danyka.crooks@example.net', '2022-02-03 01:53:13', '2022-02-03 01:53:13'),
(287, 1, 80, 212, 'Prof. Marilie Kovacek', 'rath.janae@example.net', '2022-02-03 01:53:13', '2022-02-03 01:53:13'),
(288, 2, 6, 296, 'Mr. Wayne Prosacco MD', 'idell.dickinson@example.org', '2022-02-03 01:53:13', '2022-02-03 01:53:13'),
(289, 2, 23, 159, 'Prof. Gregorio Heathcote II', 'harris.neva@example.net', '2022-02-03 01:53:13', '2022-02-03 01:53:13'),
(290, 1, 47, 290, 'Janessa Gutmann II', 'qwilliamson@example.net', '2022-02-03 01:53:13', '2022-02-03 01:53:13'),
(291, 3, 48, 148, 'Diana Ferry', 'donnell.collins@example.com', '2022-02-03 01:53:13', '2022-02-03 01:53:13'),
(292, 2, 10, 155, 'Hans Oberbrunner', 'qschowalter@example.com', '2022-02-03 01:53:13', '2022-02-03 01:53:13'),
(293, 4, 29, 242, 'Yasmin Fritsch V', 'efren96@example.org', '2022-02-03 01:53:13', '2022-02-03 01:53:13'),
(294, 4, 72, 4, 'Finn Schuster', 'miracle.pollich@example.com', '2022-02-03 01:53:13', '2022-02-03 01:53:13'),
(295, 2, 36, 34, 'Mrs. Fay Veum III', 'nstiedemann@example.net', '2022-02-03 01:53:13', '2022-02-03 01:53:13'),
(296, 4, 42, 86, 'Abdiel Toy', 'beffertz@example.com', '2022-02-03 01:53:13', '2022-02-03 01:53:13'),
(297, 2, 10, 120, 'Dr. Arvilla Spinka DDS', 'upfeffer@example.com', '2022-02-03 01:53:13', '2022-02-03 01:53:13'),
(298, 3, 91, 59, 'Retta Spencer', 'lelia73@example.com', '2022-02-03 01:53:13', '2022-02-03 01:53:13'),
(299, 3, 13, 117, 'Turner Cummerata', 'aryan@example.com', '2022-02-03 01:53:13', '2022-02-03 01:53:13'),
(300, 4, 29, 171, 'Luigi Hayes', 'guillermo33@example.org', '2022-02-03 01:53:13', '2022-02-03 01:53:13'),
(301, 1, 53, 222, 'Jason Koss', 'kreiger.darrin@example.org', '2022-02-03 01:53:13', '2022-02-03 01:53:13'),
(302, 2, 56, 85, 'Mrs. Myrtie Rogahn DDS', 'nico65@example.net', '2022-02-03 01:53:13', '2022-02-03 01:53:13'),
(303, 4, 18, 134, 'Grover Ritchie', 'victor94@example.net', '2022-02-03 01:53:13', '2022-02-03 01:53:13'),
(304, 4, 43, 231, 'Prof. Erwin Hodkiewicz DVM', 'rosemarie.heaney@example.org', '2022-02-03 01:53:13', '2022-02-03 01:53:13'),
(305, 3, 50, 167, 'Prof. Aiden Anderson DVM', 'obayer@example.org', '2022-02-03 01:53:13', '2022-02-03 01:53:13'),
(306, 3, 68, 50, 'Ruby Renner', 'gwillms@example.org', '2022-02-03 01:53:13', '2022-02-03 01:53:13'),
(307, 2, 65, 102, 'Dr. Jamie Marvin', 'kfeeney@example.com', '2022-02-03 01:53:13', '2022-02-03 01:53:13'),
(308, 4, 1, 108, 'Edd Harris', 'mcglynn.schuyler@example.com', '2022-02-03 01:53:13', '2022-02-03 01:53:13'),
(309, 3, 36, 169, 'Kristoffer Bashirian', 'sreinger@example.com', '2022-02-03 01:53:13', '2022-02-03 01:53:13'),
(310, 3, 86, 69, 'Giovani Glover DVM', 'seamus48@example.org', '2022-02-03 01:53:13', '2022-02-03 01:53:13'),
(311, 4, 94, 201, 'Lillian Witting', 'winston.fahey@example.com', '2022-02-03 01:53:13', '2022-02-03 01:53:13'),
(312, 3, 30, 68, 'Jeffery Huel', 'nikko99@example.org', '2022-02-03 01:53:13', '2022-02-03 01:53:13'),
(313, 1, 82, 186, 'Dock Graham', 'bobby.blick@example.net', '2022-02-03 01:53:13', '2022-02-03 01:53:13'),
(314, 4, 62, 77, 'Ernie Mraz', 'zgoldner@example.com', '2022-02-03 01:53:13', '2022-02-03 01:53:13'),
(315, 1, 40, 58, 'Dr. Duane Ankunding Sr.', 'cronin.jimmy@example.net', '2022-02-03 01:53:13', '2022-02-03 01:53:13'),
(316, 4, 96, 121, 'Mr. Van Upton MD', 'hwilkinson@example.org', '2022-02-03 01:53:13', '2022-02-03 01:53:13'),
(317, 4, 51, 196, 'Euna Rippin', 'drice@example.net', '2022-02-03 01:53:13', '2022-02-03 01:53:13'),
(318, 1, 75, 34, 'Ahmed Stroman', 'wyost@example.net', '2022-02-03 01:53:13', '2022-02-03 01:53:13'),
(319, 2, 2, 269, 'Prof. Tremaine Altenwerth', 'memard@example.org', '2022-02-03 01:53:13', '2022-02-03 01:53:13'),
(320, 4, 5, 94, 'Prof. Wilburn Lemke III', 'tnolan@example.org', '2022-02-03 01:53:13', '2022-02-03 01:53:13'),
(321, 1, 29, 2, 'Dr. Neal Leffler', 'markus46@example.com', '2022-02-03 01:53:13', '2022-02-03 01:53:13'),
(322, 1, 76, 217, 'Colten Little', 'vrenner@example.net', '2022-02-03 01:53:13', '2022-02-03 01:53:13'),
(323, 2, 29, 263, 'Kim Anderson IV', 'herman.toy@example.com', '2022-02-03 01:53:13', '2022-02-03 01:53:13'),
(324, 1, 27, 263, 'Tamara Price', 'rick62@example.com', '2022-02-03 01:53:13', '2022-02-03 01:53:13'),
(325, 4, 93, 219, 'Ibrahim Koch', 'ceasar04@example.com', '2022-02-03 01:53:13', '2022-02-03 01:53:13'),
(326, 1, 13, 160, 'Juanita Gutkowski', 'dolores82@example.org', '2022-02-03 01:53:13', '2022-02-03 01:53:13'),
(327, 1, 41, 210, 'Elton Maggio', 'julius.littel@example.org', '2022-02-03 01:53:13', '2022-02-03 01:53:13'),
(328, 3, 83, 179, 'Dr. Garett Rempel', 'wade27@example.org', '2022-02-03 01:53:13', '2022-02-03 01:53:13'),
(329, 1, 30, 297, 'Chasity Torphy Sr.', 'bbogan@example.org', '2022-02-03 01:53:13', '2022-02-03 01:53:13'),
(330, 3, 37, 7, 'Micah Waelchi', 'omari43@example.com', '2022-02-03 01:53:13', '2022-02-03 01:53:13'),
(331, 3, 15, 114, 'Daren Leuschke', 'sgaylord@example.com', '2022-02-03 01:53:13', '2022-02-03 01:53:13'),
(332, 3, 48, 77, 'Dr. Carley Upton Sr.', 'xsauer@example.net', '2022-02-03 01:53:13', '2022-02-03 01:53:13'),
(333, 1, 70, 75, 'Roger Rempel', 'jarrell55@example.org', '2022-02-03 01:53:13', '2022-02-03 01:53:13'),
(334, 1, 9, 223, 'Kayleigh Daugherty', 'sauer.isabelle@example.com', '2022-02-03 01:53:13', '2022-02-03 01:53:13'),
(335, 1, 38, 222, 'Mrs. Annette Larson', 'devyn.jaskolski@example.com', '2022-02-03 01:53:13', '2022-02-03 01:53:13'),
(336, 3, 12, 267, 'Shana Littel', 'okuneva.marta@example.com', '2022-02-03 01:53:13', '2022-02-03 01:53:13'),
(337, 1, 71, 108, 'Danyka Rodriguez', 'kaylin30@example.org', '2022-02-03 01:53:13', '2022-02-03 01:53:13'),
(338, 4, 41, 136, 'Prof. Earline White DDS', 'fhegmann@example.net', '2022-02-03 01:53:13', '2022-02-03 01:53:13'),
(339, 1, 41, 192, 'Thurman Lakin', 'wilburn.kutch@example.com', '2022-02-03 01:53:13', '2022-02-03 01:53:13'),
(340, 3, 34, 10, 'Mr. Danny West DVM', 'jessy54@example.org', '2022-02-03 01:53:13', '2022-02-03 01:53:13'),
(341, 3, 47, 285, 'Mrs. Lera Johnston', 'lesch.arnaldo@example.net', '2022-02-03 01:53:13', '2022-02-03 01:53:13'),
(342, 2, 51, 117, 'Emanuel Hoppe V', 'ydouglas@example.com', '2022-02-03 01:53:13', '2022-02-03 01:53:13'),
(343, 1, 58, 283, 'Karl Gerhold', 'mohr.sincere@example.org', '2022-02-03 01:53:13', '2022-02-03 01:53:13'),
(344, 1, 78, 15, 'Freddy Abshire', 'layne.walter@example.com', '2022-02-03 01:53:13', '2022-02-03 01:53:13'),
(345, 3, 19, 103, 'Gabrielle Homenick', 'reba15@example.net', '2022-02-03 01:53:13', '2022-02-03 01:53:13'),
(346, 4, 85, 136, 'Shea Parisian IV', 'austin37@example.net', '2022-02-03 01:53:13', '2022-02-03 01:53:13'),
(347, 2, 72, 290, 'Jules Paucek DVM', 'keven.bogisich@example.org', '2022-02-03 01:53:13', '2022-02-03 01:53:13'),
(348, 1, 6, 65, 'Favian Hilpert', 'camren.konopelski@example.net', '2022-02-03 01:53:13', '2022-02-03 01:53:13'),
(349, 4, 49, 82, 'Xzavier Nolan', 'orion05@example.net', '2022-02-03 01:53:13', '2022-02-03 01:53:13'),
(350, 4, 63, 237, 'Gideon Deckow', 'sabryna29@example.org', '2022-02-03 01:53:13', '2022-02-03 01:53:13'),
(351, 4, 42, 265, 'Ericka Kirlin', 'shammes@example.net', '2022-02-03 01:53:13', '2022-02-03 01:53:13'),
(352, 2, 72, 248, 'Prof. Malinda Feil', 'lilian07@example.org', '2022-02-03 01:53:13', '2022-02-03 01:53:13'),
(353, 4, 51, 259, 'Prof. Hermann Bayer III', 'waters.lillie@example.net', '2022-02-03 01:53:13', '2022-02-03 01:53:13'),
(354, 2, 32, 198, 'Crystel Hackett', 'gia17@example.net', '2022-02-03 01:53:13', '2022-02-03 01:53:13'),
(355, 1, 96, 187, 'Evert Bode I', 'amely97@example.com', '2022-02-03 01:53:13', '2022-02-03 01:53:13'),
(356, 4, 84, 94, 'Miss Teagan Huel', 'gerlach.jayda@example.org', '2022-02-03 01:53:13', '2022-02-03 01:53:13'),
(357, 4, 19, 5, 'Sydnie Bogisich', 'cormier.jeffery@example.net', '2022-02-03 01:53:13', '2022-02-03 01:53:13'),
(358, 2, 31, 5, 'Ally Eichmann', 'effie.cronin@example.org', '2022-02-03 01:53:13', '2022-02-03 01:53:13'),
(359, 2, 80, 250, 'Prof. Davin Stroman MD', 'corkery.kyla@example.org', '2022-02-03 01:53:13', '2022-02-03 01:53:13'),
(360, 4, 80, 69, 'Albina Hayes', 'johnathon.muller@example.org', '2022-02-03 01:53:13', '2022-02-03 01:53:13'),
(361, 4, 48, 268, 'Lucienne Stoltenberg MD', 'bogan.arely@example.net', '2022-02-03 01:53:13', '2022-02-03 01:53:13'),
(362, 2, 80, 77, 'Charlene Hills II', 'carter.kulas@example.net', '2022-02-03 01:53:14', '2022-02-03 01:53:14'),
(363, 3, 88, 165, 'Giles Deckow', 'katrine.kshlerin@example.org', '2022-02-03 01:53:14', '2022-02-03 01:53:14'),
(364, 3, 92, 173, 'Trenton Kerluke', 'nmccullough@example.org', '2022-02-03 01:53:14', '2022-02-03 01:53:14'),
(365, 4, 23, 191, 'Brooke Fahey', 'deven44@example.com', '2022-02-03 01:53:14', '2022-02-03 01:53:14'),
(366, 4, 47, 37, 'Allie Hansen DVM', 'crystel.ferry@example.org', '2022-02-03 01:53:14', '2022-02-03 01:53:14'),
(367, 3, 85, 220, 'Mollie Koch V', 'zschneider@example.com', '2022-02-03 01:53:14', '2022-02-03 01:53:14'),
(368, 4, 3, 105, 'Lavinia Prosacco I', 'metz.eugene@example.com', '2022-02-03 01:53:14', '2022-02-03 01:53:14'),
(369, 2, 96, 40, 'Mr. Trevion Dicki III', 'kirlin.lonnie@example.com', '2022-02-03 01:53:14', '2022-02-03 01:53:14'),
(370, 2, 28, 37, 'Berneice Gorczany', 'kieran87@example.net', '2022-02-03 01:53:14', '2022-02-03 01:53:14'),
(371, 4, 24, 273, 'Pearlie Schuppe', 'mabshire@example.net', '2022-02-03 01:53:14', '2022-02-03 01:53:14'),
(372, 3, 36, 2, 'Providenci Mohr', 'irau@example.net', '2022-02-03 01:53:14', '2022-02-03 01:53:14'),
(373, 3, 96, 107, 'Adriel Klein', 'smcdermott@example.net', '2022-02-03 01:53:14', '2022-02-03 01:53:14'),
(374, 4, 5, 36, 'Dr. Jettie Tromp', 'kara45@example.com', '2022-02-03 01:53:14', '2022-02-03 01:53:14'),
(375, 1, 30, 68, 'Reagan Grant', 'kuphal.yolanda@example.net', '2022-02-03 01:53:14', '2022-02-03 01:53:14'),
(376, 2, 26, 258, 'Mohamed Barton', 'wraynor@example.com', '2022-02-03 01:53:14', '2022-02-03 01:53:14'),
(377, 3, 37, 105, 'Prof. Friedrich Osinski', 'qdare@example.net', '2022-02-03 01:53:14', '2022-02-03 01:53:14'),
(378, 3, 14, 99, 'Arely Sipes', 'osinski.drew@example.net', '2022-02-03 01:53:14', '2022-02-03 01:53:14'),
(379, 2, 27, 287, 'Amos Kreiger', 'ohessel@example.org', '2022-02-03 01:53:14', '2022-02-03 01:53:14'),
(380, 2, 53, 154, 'Janice Collins', 'donald92@example.org', '2022-02-03 01:53:14', '2022-02-03 01:53:14'),
(381, 4, 33, 233, 'Collin Schimmel', 'felicia.kunde@example.org', '2022-02-03 01:53:14', '2022-02-03 01:53:14'),
(382, 3, 52, 200, 'Anjali Zboncak', 'klocko.shayne@example.net', '2022-02-03 01:53:14', '2022-02-03 01:53:14'),
(383, 3, 30, 120, 'Reagan Jones', 'padberg.nelson@example.net', '2022-02-03 01:53:14', '2022-02-03 01:53:14'),
(384, 3, 13, 74, 'Melyssa Torphy', 'alvis.labadie@example.net', '2022-02-03 01:53:14', '2022-02-03 01:53:14'),
(385, 1, 90, 5, 'Bertha Rolfson', 'bernier.landen@example.org', '2022-02-03 01:53:14', '2022-02-03 01:53:14'),
(386, 1, 15, 128, 'Gustave Fay', 'kkunde@example.org', '2022-02-03 01:53:14', '2022-02-03 01:53:14'),
(387, 4, 41, 57, 'Kallie Reichert', 'tatyana57@example.org', '2022-02-03 01:53:14', '2022-02-03 01:53:14'),
(388, 3, 64, 284, 'Mrs. Nannie Keeling', 'hannah54@example.net', '2022-02-03 01:53:14', '2022-02-03 01:53:14'),
(389, 3, 65, 59, 'Armand Wisoky', 'dkiehn@example.org', '2022-02-03 01:53:14', '2022-02-03 01:53:14'),
(390, 1, 66, 59, 'Lavern Jacobs', 'cameron58@example.net', '2022-02-03 01:53:14', '2022-02-03 01:53:14'),
(391, 1, 25, 252, 'Alanis Hickle', 'otho85@example.com', '2022-02-03 01:53:14', '2022-02-03 01:53:14'),
(392, 4, 52, 145, 'Susan Glover', 'heidenreich.oren@example.net', '2022-02-03 01:53:14', '2022-02-03 01:53:14'),
(393, 4, 27, 292, 'Zoie Ritchie', 'kristin.jakubowski@example.com', '2022-02-03 01:53:14', '2022-02-03 01:53:14'),
(394, 2, 66, 257, 'Greg Klein I', 'helena.bins@example.org', '2022-02-03 01:53:14', '2022-02-03 01:53:14'),
(395, 2, 14, 194, 'Chad Shields', 'elvis70@example.net', '2022-02-03 01:53:14', '2022-02-03 01:53:14'),
(396, 3, 32, 170, 'Alexa Kirlin', 'jazmyn.crona@example.com', '2022-02-03 01:53:14', '2022-02-03 01:53:14'),
(397, 4, 81, 147, 'Prof. Jordyn Johnston', 'leanne.altenwerth@example.org', '2022-02-03 01:53:14', '2022-02-03 01:53:14'),
(398, 2, 80, 115, 'Dr. Rebekah Cruickshank Sr.', 'marshall75@example.com', '2022-02-03 01:53:14', '2022-02-03 01:53:14'),
(399, 4, 95, 124, 'Prof. Jennie Wehner V', 'javonte.aufderhar@example.net', '2022-02-03 01:53:14', '2022-02-03 01:53:14'),
(400, 2, 61, 6, 'Maryam Leffler', 'meggie.bechtelar@example.org', '2022-02-03 01:53:14', '2022-02-03 01:53:14'),
(401, 1, 47, 190, 'Dayna Bergnaum IV', 'jaquan.hauck@example.org', '2022-02-03 01:53:14', '2022-02-03 01:53:14'),
(402, 1, 46, 246, 'Matteo Marquardt', 'hand.cordell@example.net', '2022-02-03 01:53:14', '2022-02-03 01:53:14'),
(403, 2, 99, 282, 'Ms. Sadie Jenkins', 'brogahn@example.net', '2022-02-03 01:53:14', '2022-02-03 01:53:14'),
(404, 1, 20, 184, 'Prof. Addie Feil', 'broderick29@example.net', '2022-02-03 01:53:14', '2022-02-03 01:53:14'),
(405, 4, 62, 46, 'Dusty Herzog', 'zjacobs@example.net', '2022-02-03 01:53:14', '2022-02-03 01:53:14'),
(406, 4, 19, 176, 'Sylvester Cremin', 'aoconnell@example.com', '2022-02-03 01:53:14', '2022-02-03 01:53:14'),
(407, 1, 84, 142, 'Isabel Towne', 'lubowitz.marshall@example.com', '2022-02-03 01:53:14', '2022-02-03 01:53:14'),
(408, 4, 3, 45, 'Tyra Jast', 'robyn64@example.com', '2022-02-03 01:53:14', '2022-02-03 01:53:14'),
(409, 2, 6, 23, 'Tracy Nader', 'demetris19@example.org', '2022-02-03 01:53:14', '2022-02-03 01:53:14'),
(410, 1, 72, 197, 'Amelia Welch', 'desmond56@example.org', '2022-02-03 01:53:14', '2022-02-03 01:53:14'),
(411, 3, 38, 240, 'Judah Quigley Jr.', 'providenci.hackett@example.com', '2022-02-03 01:53:14', '2022-02-03 01:53:14'),
(412, 4, 7, 277, 'Selmer Ferry', 'odooley@example.com', '2022-02-03 01:53:14', '2022-02-03 01:53:14'),
(413, 3, 96, 187, 'Dr. Cristobal Krajcik MD', 'ibogisich@example.net', '2022-02-03 01:53:14', '2022-02-03 01:53:14'),
(414, 3, 24, 207, 'Dr. Geovany Graham', 'mcclure.krista@example.net', '2022-02-03 01:53:14', '2022-02-03 01:53:14'),
(415, 4, 62, 137, 'Marvin Abbott', 'jadyn37@example.com', '2022-02-03 01:53:14', '2022-02-03 01:53:14'),
(416, 1, 54, 246, 'Electa Stanton', 'sterling26@example.com', '2022-02-03 01:53:14', '2022-02-03 01:53:14'),
(417, 2, 1, 174, 'Dr. Conner Schaefer', 'janice.ondricka@example.com', '2022-02-03 01:53:14', '2022-02-03 01:53:14'),
(418, 3, 8, 237, 'Sam Lindgren MD', 'ophelia48@example.org', '2022-02-03 01:53:14', '2022-02-03 01:53:14'),
(419, 2, 85, 116, 'Elsie Lang V', 'fisher.breanne@example.org', '2022-02-03 01:53:14', '2022-02-03 01:53:14'),
(420, 4, 26, 173, 'Evert Kub', 'collier.anabelle@example.com', '2022-02-03 01:53:14', '2022-02-03 01:53:14'),
(421, 2, 77, 173, 'Mr. Ed Batz', 'ilowe@example.com', '2022-02-03 01:53:14', '2022-02-03 01:53:14'),
(422, 2, 56, 290, 'Mrs. Frances Boyle V', 'faye.macejkovic@example.org', '2022-02-03 01:53:14', '2022-02-03 01:53:14'),
(423, 1, 30, 264, 'Elvis Reynolds', 'wcassin@example.org', '2022-02-03 01:53:14', '2022-02-03 01:53:14'),
(424, 3, 81, 218, 'Silas Bauch', 'emery.renner@example.org', '2022-02-03 01:53:14', '2022-02-03 01:53:14'),
(425, 1, 16, 275, 'Eleanore Glover', 'bailey.aletha@example.net', '2022-02-03 01:53:14', '2022-02-03 01:53:14'),
(426, 3, 14, 11, 'Mr. Santiago Abernathy MD', 'schmeler.reyna@example.com', '2022-02-03 01:53:14', '2022-02-03 01:53:14'),
(427, 2, 76, 277, 'Juliana Osinski', 'clotilde18@example.org', '2022-02-03 01:53:14', '2022-02-03 01:53:14'),
(428, 3, 11, 96, 'Mr. Kip Daugherty', 'tiffany76@example.net', '2022-02-03 01:53:14', '2022-02-03 01:53:14'),
(429, 1, 27, 69, 'Colleen Reilly', 'pbergstrom@example.net', '2022-02-03 01:53:14', '2022-02-03 01:53:14'),
(430, 2, 38, 182, 'Conner Collins', 'gmueller@example.com', '2022-02-03 01:53:14', '2022-02-03 01:53:14'),
(431, 2, 6, 216, 'Dr. Maribel Beahan Jr.', 'iva.dickinson@example.com', '2022-02-03 01:53:14', '2022-02-03 01:53:14'),
(432, 3, 52, 272, 'Cyrus Parker MD', 'goldner.payton@example.com', '2022-02-03 01:53:14', '2022-02-03 01:53:14'),
(433, 2, 89, 64, 'Francesco Fritsch', 'trey.ebert@example.net', '2022-02-03 01:53:14', '2022-02-03 01:53:14'),
(434, 2, 26, 242, 'Laurianne Daugherty', 'hmckenzie@example.com', '2022-02-03 01:53:14', '2022-02-03 01:53:14'),
(435, 3, 61, 267, 'Anne Nicolas', 'dominique12@example.org', '2022-02-03 01:53:14', '2022-02-03 01:53:14'),
(436, 1, 98, 215, 'Odell Altenwerth', 'osipes@example.net', '2022-02-03 01:53:14', '2022-02-03 01:53:14'),
(437, 1, 26, 183, 'Jovani Smitham', 'esperanza.borer@example.org', '2022-02-03 01:53:14', '2022-02-03 01:53:14'),
(438, 3, 3, 24, 'Earl Nolan', 'hollis96@example.org', '2022-02-03 01:53:14', '2022-02-03 01:53:14'),
(439, 3, 25, 201, 'Dr. Abel Turner II', 'crona.kevin@example.org', '2022-02-03 01:53:14', '2022-02-03 01:53:14'),
(440, 4, 73, 93, 'Vivian Dach', 'ebert.bret@example.com', '2022-02-03 01:53:14', '2022-02-03 01:53:14'),
(441, 1, 23, 118, 'Alize Labadie', 'auer.mathilde@example.org', '2022-02-03 01:53:14', '2022-02-03 01:53:14'),
(442, 1, 79, 83, 'Lizzie Gottlieb', 'itzel.orn@example.com', '2022-02-03 01:53:14', '2022-02-03 01:53:14'),
(443, 3, 39, 5, 'Sandra Beier', 'adela42@example.org', '2022-02-03 01:53:14', '2022-02-03 01:53:14'),
(444, 4, 26, 118, 'Mackenzie Howe', 'ralph33@example.net', '2022-02-03 01:53:14', '2022-02-03 01:53:14'),
(445, 1, 71, 270, 'Bertram Emmerich', 'aconsidine@example.com', '2022-02-03 01:53:14', '2022-02-03 01:53:14'),
(446, 3, 56, 147, 'Dr. Geovanny Lockman Jr.', 'heichmann@example.net', '2022-02-03 01:53:14', '2022-02-03 01:53:14'),
(447, 4, 3, 67, 'Ludie Walker PhD', 'jonas73@example.net', '2022-02-03 01:53:14', '2022-02-03 01:53:14'),
(448, 2, 92, 153, 'Jamey Stehr', 'jewell70@example.org', '2022-02-03 01:53:14', '2022-02-03 01:53:14'),
(449, 1, 20, 27, 'Doyle Towne', 'tbatz@example.com', '2022-02-03 01:53:14', '2022-02-03 01:53:14'),
(450, 2, 53, 156, 'Ernestine Volkman', 'telly.roberts@example.net', '2022-02-03 01:53:14', '2022-02-03 01:53:14'),
(451, 2, 63, 20, 'Prof. Sister Klocko MD', 'jcorwin@example.net', '2022-02-03 01:53:14', '2022-02-03 01:53:14'),
(452, 3, 53, 180, 'Fermin Adams', 'romaguera.makenzie@example.net', '2022-02-03 01:53:14', '2022-02-03 01:53:14'),
(453, 4, 92, 274, 'Ewald Gutmann', 'karl.johnston@example.com', '2022-02-03 01:53:14', '2022-02-03 01:53:14'),
(454, 4, 49, 123, 'Mrs. Mara Wiegand II', 'angela.gottlieb@example.com', '2022-02-03 01:53:14', '2022-02-03 01:53:14'),
(455, 1, 52, 217, 'Nikolas Monahan Sr.', 'smith.jaydon@example.com', '2022-02-03 01:53:14', '2022-02-03 01:53:14'),
(456, 1, 87, 150, 'Thelma Homenick', 'blanche.shanahan@example.com', '2022-02-03 01:53:14', '2022-02-03 01:53:14'),
(457, 4, 12, 255, 'Delores Stark II', 'pierce94@example.com', '2022-02-03 01:53:14', '2022-02-03 01:53:14'),
(458, 4, 96, 212, 'Dr. Dallas Hauck Jr.', 'stokes.kathleen@example.org', '2022-02-03 01:53:14', '2022-02-03 01:53:14');
INSERT INTO `employees` (`id`, `country_id`, `city_id`, `shop_id`, `employee_name`, `emp_email`, `created_at`, `updated_at`) VALUES
(459, 4, 25, 232, 'Annabelle Braun', 'gianni61@example.com', '2022-02-03 01:53:14', '2022-02-03 01:53:14'),
(460, 2, 73, 145, 'Amanda Mayer', 'beau07@example.com', '2022-02-03 01:53:14', '2022-02-03 01:53:14'),
(461, 3, 80, 71, 'Marshall Nicolas III', 'steuber.alexzander@example.net', '2022-02-03 01:53:14', '2022-02-03 01:53:14'),
(462, 2, 14, 4, 'Judy Homenick', 'wisozk.emily@example.org', '2022-02-03 01:53:14', '2022-02-03 01:53:14'),
(463, 1, 69, 203, 'Arturo Gerlach', 'harmony84@example.com', '2022-02-03 01:53:14', '2022-02-03 01:53:14'),
(464, 1, 25, 192, 'Jamil Stark', 'swaniawski.christelle@example.com', '2022-02-03 01:53:14', '2022-02-03 01:53:14'),
(465, 2, 44, 136, 'Ezekiel Gaylord', 'terence57@example.org', '2022-02-03 01:53:14', '2022-02-03 01:53:14'),
(466, 2, 6, 187, 'Glennie Kiehn', 'jaime.blick@example.org', '2022-02-03 01:53:14', '2022-02-03 01:53:14'),
(467, 2, 54, 203, 'Aida Leffler', 'yessenia11@example.net', '2022-02-03 01:53:14', '2022-02-03 01:53:14'),
(468, 3, 26, 116, 'Alva Blanda', 'rogahn.mckayla@example.org', '2022-02-03 01:53:14', '2022-02-03 01:53:14'),
(469, 2, 55, 44, 'Dr. Tony Pouros I', 'bahringer.roosevelt@example.net', '2022-02-03 01:53:14', '2022-02-03 01:53:14'),
(470, 4, 69, 167, 'Reyna Ondricka', 'leannon.zola@example.com', '2022-02-03 01:53:14', '2022-02-03 01:53:14'),
(471, 3, 24, 111, 'Enola Wiza IV', 'lucious.rowe@example.org', '2022-02-03 01:53:14', '2022-02-03 01:53:14'),
(472, 2, 7, 168, 'Rubie Hintz', 'nolan43@example.net', '2022-02-03 01:53:14', '2022-02-03 01:53:14'),
(473, 3, 69, 266, 'Dr. Miles Daugherty', 'marlene.monahan@example.com', '2022-02-03 01:53:14', '2022-02-03 01:53:14'),
(474, 2, 3, 291, 'Dr. Oswald Steuber', 'novella.paucek@example.com', '2022-02-03 01:53:14', '2022-02-03 01:53:14'),
(475, 3, 23, 155, 'Lavinia Stoltenberg', 'gaylord.jaeden@example.org', '2022-02-03 01:53:14', '2022-02-03 01:53:14'),
(476, 1, 37, 296, 'Jewel Stamm', 'santa77@example.org', '2022-02-03 01:53:14', '2022-02-03 01:53:14'),
(477, 1, 19, 89, 'Florian Kemmer II', 'lorenza60@example.com', '2022-02-03 01:53:14', '2022-02-03 01:53:14'),
(478, 4, 55, 180, 'Felicita Hammes PhD', 'pauer@example.com', '2022-02-03 01:53:14', '2022-02-03 01:53:14'),
(479, 4, 85, 279, 'Mollie Olson MD', 'eda.sporer@example.org', '2022-02-03 01:53:14', '2022-02-03 01:53:14'),
(480, 4, 78, 286, 'Katrina Parisian', 'pamela.kuvalis@example.com', '2022-02-03 01:53:14', '2022-02-03 01:53:14'),
(481, 1, 93, 299, 'Prof. Antonette Anderson DDS', 'ckuhlman@example.com', '2022-02-03 01:53:14', '2022-02-03 01:53:14'),
(482, 4, 59, 296, 'Samantha Grady', 'jmetz@example.net', '2022-02-03 01:53:14', '2022-02-03 01:53:14'),
(483, 4, 74, 205, 'Prof. Adelle O\'Keefe', 'mstrosin@example.org', '2022-02-03 01:53:14', '2022-02-03 01:53:14'),
(484, 2, 66, 157, 'Jermain Runte', 'mohara@example.org', '2022-02-03 01:53:14', '2022-02-03 01:53:14'),
(485, 1, 30, 7, 'Sibyl Goyette', 'gabrielle.abernathy@example.com', '2022-02-03 01:53:14', '2022-02-03 01:53:14'),
(486, 4, 50, 130, 'Marisol Botsford', 'rosalia26@example.net', '2022-02-03 01:53:14', '2022-02-03 01:53:14'),
(487, 1, 37, 255, 'Pasquale Gibson DVM', 'hfranecki@example.net', '2022-02-03 01:53:14', '2022-02-03 01:53:14'),
(488, 1, 31, 274, 'Maude Doyle', 'colleen20@example.net', '2022-02-03 01:53:14', '2022-02-03 01:53:14'),
(489, 3, 72, 79, 'Dr. Larissa Jakubowski', 'lrosenbaum@example.org', '2022-02-03 01:53:14', '2022-02-03 01:53:14'),
(490, 1, 99, 228, 'Keon Lind Sr.', 'eldridge45@example.org', '2022-02-03 01:53:14', '2022-02-03 01:53:14'),
(491, 1, 54, 253, 'Emmalee Konopelski', 'deanna.oconnell@example.org', '2022-02-03 01:53:14', '2022-02-03 01:53:14'),
(492, 2, 67, 102, 'Lorena Graham', 'alfonso.ohara@example.com', '2022-02-03 01:53:14', '2022-02-03 01:53:14'),
(493, 1, 72, 277, 'Mr. Solon King DDS', 'izaiah.gulgowski@example.org', '2022-02-03 01:53:14', '2022-02-03 01:53:14'),
(494, 3, 39, 282, 'Mr. Nestor Witting Sr.', 'cmann@example.net', '2022-02-03 01:53:14', '2022-02-03 01:53:14'),
(495, 1, 99, 270, 'Noemi Lindgren II', 'tvonrueden@example.com', '2022-02-03 01:53:14', '2022-02-03 01:53:14'),
(496, 2, 54, 235, 'Dr. Sigurd Macejkovic DDS', 'little.elna@example.com', '2022-02-03 01:53:14', '2022-02-03 01:53:14'),
(497, 2, 72, 210, 'Mr. Jaquan Goodwin V', 'schamberger.myah@example.com', '2022-02-03 01:53:14', '2022-02-03 01:53:14'),
(498, 4, 43, 164, 'Norene Lubowitz', 'theodora79@example.org', '2022-02-03 01:53:14', '2022-02-03 01:53:14'),
(499, 2, 39, 65, 'Miss Gail Hill', 'ngoldner@example.com', '2022-02-03 01:53:14', '2022-02-03 01:53:14'),
(500, 1, 42, 299, 'Prof. Elliot Balistreri', 'dheathcote@example.org', '2022-02-03 01:53:14', '2022-02-03 01:53:14'),
(501, 4, 50, 243, 'Prof. Tiana Murray I', 'dakota61@example.com', '2022-02-03 01:53:14', '2022-02-03 01:53:14'),
(502, 3, 88, 133, 'Jamir Leuschke', 'bergstrom.kurt@example.org', '2022-02-03 01:53:14', '2022-02-03 01:53:14'),
(503, 2, 91, 95, 'Fern Balistreri', 'kaitlin23@example.com', '2022-02-03 01:53:14', '2022-02-03 01:53:14'),
(504, 3, 41, 86, 'Itzel Legros', 'carroll.clay@example.net', '2022-02-03 01:53:14', '2022-02-03 01:53:14'),
(505, 3, 56, 188, 'Prof. Elyssa Lowe Jr.', 'virginia.crist@example.net', '2022-02-03 01:53:14', '2022-02-03 01:53:14'),
(506, 2, 33, 89, 'Prof. Alison Little DDS', 'maltenwerth@example.com', '2022-02-03 01:53:14', '2022-02-03 01:53:14'),
(507, 1, 59, 294, 'Peyton Greenholt', 'hlueilwitz@example.net', '2022-02-03 01:53:14', '2022-02-03 01:53:14'),
(508, 4, 92, 40, 'Ramona Grady', 'joany62@example.org', '2022-02-03 01:53:14', '2022-02-03 01:53:14'),
(509, 4, 18, 268, 'Prof. Lea Schaefer', 'jalyn35@example.com', '2022-02-03 01:53:14', '2022-02-03 01:53:14'),
(510, 4, 14, 161, 'Mikayla Funk', 'leola.mertz@example.org', '2022-02-03 01:53:14', '2022-02-03 01:53:14'),
(511, 2, 36, 295, 'Verlie Legros V', 'mcrooks@example.com', '2022-02-03 01:53:14', '2022-02-03 01:53:14'),
(512, 4, 84, 134, 'Prof. Diego Will IV', 'sonya.green@example.net', '2022-02-03 01:53:14', '2022-02-03 01:53:14'),
(513, 4, 11, 261, 'Prof. Jewel Nader', 'funk.milan@example.org', '2022-02-03 01:53:14', '2022-02-03 01:53:14'),
(514, 1, 97, 222, 'Allie Hickle', 'zula.ziemann@example.org', '2022-02-03 01:53:14', '2022-02-03 01:53:14'),
(515, 3, 78, 5, 'Miss Meghan Becker', 'mable.lindgren@example.net', '2022-02-03 01:53:14', '2022-02-03 01:53:14'),
(516, 3, 72, 182, 'Ethel Yundt', 'kohler.helene@example.net', '2022-02-03 01:53:14', '2022-02-03 01:53:14'),
(517, 3, 79, 192, 'Mozell Kshlerin PhD', 'rmarks@example.com', '2022-02-03 01:53:14', '2022-02-03 01:53:14'),
(518, 3, 98, 110, 'Lisa Kuphal PhD', 'mcassin@example.org', '2022-02-03 01:53:14', '2022-02-03 01:53:14'),
(519, 3, 86, 194, 'Helena Lueilwitz', 'darlene48@example.org', '2022-02-03 01:53:14', '2022-02-03 01:53:14'),
(520, 1, 39, 191, 'Olen Williamson', 'jhuels@example.net', '2022-02-03 01:53:14', '2022-02-03 01:53:14'),
(521, 1, 1, 283, 'Dr. Jaydon Reynolds PhD', 'showell@example.com', '2022-02-03 01:53:14', '2022-02-03 01:53:14'),
(522, 1, 99, 262, 'Mr. Aiden Schuster II', 'josue64@example.net', '2022-02-03 01:53:14', '2022-02-03 01:53:14'),
(523, 4, 19, 88, 'Percy Hessel', 'hagenes.makenzie@example.net', '2022-02-03 01:53:14', '2022-02-03 01:53:14'),
(524, 1, 46, 196, 'Mazie Klocko', 'octavia91@example.org', '2022-02-03 01:53:14', '2022-02-03 01:53:14'),
(525, 4, 89, 53, 'Electa D\'Amore III', 'federico.blanda@example.org', '2022-02-03 01:53:14', '2022-02-03 01:53:14'),
(526, 3, 35, 294, 'Estell Schultz', 'carter29@example.org', '2022-02-03 01:53:14', '2022-02-03 01:53:14'),
(527, 3, 45, 264, 'Floyd Thiel', 'ybode@example.org', '2022-02-03 01:53:14', '2022-02-03 01:53:14'),
(528, 3, 16, 198, 'Prof. Antonina Fadel', 'bokeefe@example.org', '2022-02-03 01:53:14', '2022-02-03 01:53:14'),
(529, 4, 15, 193, 'Erica Bernhard', 'herman.elyse@example.com', '2022-02-03 01:53:14', '2022-02-03 01:53:14'),
(530, 4, 8, 34, 'Dr. Dusty Kohler V', 'lfahey@example.com', '2022-02-03 01:53:14', '2022-02-03 01:53:14'),
(531, 2, 6, 177, 'Dr. Marisa Hand', 'allan67@example.org', '2022-02-03 01:53:14', '2022-02-03 01:53:14'),
(532, 2, 2, 105, 'Dr. Graham Kassulke', 'vhowe@example.com', '2022-02-03 01:53:14', '2022-02-03 01:53:14'),
(533, 4, 53, 73, 'Patricia Mante', 'jlesch@example.org', '2022-02-03 01:53:14', '2022-02-03 01:53:14'),
(534, 3, 49, 166, 'Prof. Sandra Kris I', 'wilbert.doyle@example.org', '2022-02-03 01:53:14', '2022-02-03 01:53:14'),
(535, 1, 1, 69, 'Lynn Kulas II', 'egraham@example.com', '2022-02-03 01:53:14', '2022-02-03 01:53:14'),
(536, 4, 61, 134, 'Pansy Greenfelder DDS', 'ronny.morissette@example.net', '2022-02-03 01:53:14', '2022-02-03 01:53:14'),
(537, 3, 95, 31, 'Dr. Scarlett Davis III', 'tabitha.greenfelder@example.org', '2022-02-03 01:53:14', '2022-02-03 01:53:14'),
(538, 3, 7, 32, 'Lexi Gulgowski', 'jbergstrom@example.net', '2022-02-03 01:53:14', '2022-02-03 01:53:14'),
(539, 3, 11, 186, 'Anne Hartmann I', 'ludie.gottlieb@example.net', '2022-02-03 01:53:14', '2022-02-03 01:53:14'),
(540, 3, 22, 124, 'Prof. Alden Hermann MD', 'eromaguera@example.com', '2022-02-03 01:53:14', '2022-02-03 01:53:14'),
(541, 1, 96, 275, 'Idell Denesik', 'carson.hammes@example.org', '2022-02-03 01:53:14', '2022-02-03 01:53:14'),
(542, 3, 6, 23, 'Frederic Yundt', 'pabbott@example.net', '2022-02-03 01:53:14', '2022-02-03 01:53:14'),
(543, 4, 30, 245, 'Prof. Baylee Roob MD', 'carrie95@example.net', '2022-02-03 01:53:14', '2022-02-03 01:53:14'),
(544, 2, 5, 232, 'Dr. Trisha Walker MD', 'zanderson@example.org', '2022-02-03 01:53:14', '2022-02-03 01:53:14'),
(545, 1, 60, 270, 'Lee Corwin', 'serena.stamm@example.org', '2022-02-03 01:53:14', '2022-02-03 01:53:14'),
(546, 1, 51, 149, 'Larue Collins', 'brett.hansen@example.com', '2022-02-03 01:53:14', '2022-02-03 01:53:14'),
(547, 4, 66, 294, 'Mr. Carroll Jerde Sr.', 'gustave.berge@example.com', '2022-02-03 01:53:14', '2022-02-03 01:53:14'),
(548, 3, 31, 122, 'Pauline DuBuque', 'titus20@example.net', '2022-02-03 01:53:14', '2022-02-03 01:53:14'),
(549, 1, 61, 154, 'Shyanne Haley V', 'yhettinger@example.com', '2022-02-03 01:53:14', '2022-02-03 01:53:14'),
(550, 1, 30, 119, 'Amanda Rice', 'cleve74@example.com', '2022-02-03 01:53:14', '2022-02-03 01:53:14'),
(551, 3, 60, 254, 'Kristopher Parker', 'fcummerata@example.net', '2022-02-03 01:53:14', '2022-02-03 01:53:14'),
(552, 2, 62, 290, 'Prof. Angel Kutch III', 'kassandra.adams@example.org', '2022-02-03 01:53:14', '2022-02-03 01:53:14'),
(553, 2, 10, 112, 'Oleta Durgan', 'laura.mclaughlin@example.com', '2022-02-03 01:53:14', '2022-02-03 01:53:14'),
(554, 3, 31, 109, 'Prof. Kaitlin Nader', 'witting.modesta@example.com', '2022-02-03 01:53:14', '2022-02-03 01:53:14'),
(555, 3, 69, 214, 'Ms. Kianna McLaughlin', 'jackeline.williamson@example.org', '2022-02-03 01:53:14', '2022-02-03 01:53:14'),
(556, 3, 2, 144, 'Tessie Rogahn', 'tracy74@example.net', '2022-02-03 01:53:14', '2022-02-03 01:53:14'),
(557, 3, 49, 141, 'Kara Becker V', 'gay.heller@example.com', '2022-02-03 01:53:14', '2022-02-03 01:53:14'),
(558, 2, 19, 225, 'Christiana Sanford Jr.', 'owen.carter@example.com', '2022-02-03 01:53:14', '2022-02-03 01:53:14'),
(559, 2, 21, 206, 'Ashlynn Schneider II', 'ngleason@example.org', '2022-02-03 01:53:14', '2022-02-03 01:53:14'),
(560, 2, 68, 52, 'Annie Johnson', 'xjacobson@example.com', '2022-02-03 01:53:14', '2022-02-03 01:53:14'),
(561, 1, 86, 284, 'Dr. Maynard Bashirian III', 'rolfson.finn@example.net', '2022-02-03 01:53:14', '2022-02-03 01:53:14'),
(562, 3, 71, 134, 'Ms. Anya Nicolas', 'davis.korbin@example.net', '2022-02-03 01:53:14', '2022-02-03 01:53:14'),
(563, 3, 58, 38, 'Mr. Rosendo Kirlin', 'gunnar65@example.com', '2022-02-03 01:53:14', '2022-02-03 01:53:14'),
(564, 2, 83, 9, 'Bethany Quitzon', 'roob.alison@example.net', '2022-02-03 01:53:14', '2022-02-03 01:53:14'),
(565, 3, 45, 153, 'Lester Jacobs', 'mozell30@example.org', '2022-02-03 01:53:14', '2022-02-03 01:53:14'),
(566, 2, 20, 204, 'Serenity Herman', 'ubosco@example.com', '2022-02-03 01:53:14', '2022-02-03 01:53:14'),
(567, 1, 12, 157, 'Mohammed Adams MD', 'jkuhn@example.org', '2022-02-03 01:53:14', '2022-02-03 01:53:14'),
(568, 1, 38, 220, 'Eliezer Wunsch', 'darrel.ruecker@example.net', '2022-02-03 01:53:14', '2022-02-03 01:53:14'),
(569, 2, 96, 23, 'Antwan Durgan', 'theathcote@example.org', '2022-02-03 01:53:14', '2022-02-03 01:53:14'),
(570, 4, 45, 272, 'Dr. Amira Wiza', 'haag.conrad@example.net', '2022-02-03 01:53:14', '2022-02-03 01:53:14'),
(571, 3, 92, 255, 'Linnea Blick', 'beahan.kylie@example.net', '2022-02-03 01:53:14', '2022-02-03 01:53:14'),
(572, 3, 15, 206, 'Audie McClure DVM', 'bart55@example.net', '2022-02-03 01:53:14', '2022-02-03 01:53:14'),
(573, 4, 88, 121, 'Mr. Ervin Adams III', 'witting.kathryn@example.net', '2022-02-03 01:53:14', '2022-02-03 01:53:14'),
(574, 2, 32, 138, 'Prof. Estrella Toy', 'macie57@example.com', '2022-02-03 01:53:14', '2022-02-03 01:53:14'),
(575, 3, 30, 193, 'Prof. Fleta Koelpin III', 'oreilly.ursula@example.org', '2022-02-03 01:53:14', '2022-02-03 01:53:14'),
(576, 4, 70, 61, 'Prof. Yoshiko Kunze II', 'pcartwright@example.net', '2022-02-03 01:53:14', '2022-02-03 01:53:14'),
(577, 4, 52, 37, 'Marisol Walter DVM', 'thea.robel@example.org', '2022-02-03 01:53:14', '2022-02-03 01:53:14'),
(578, 4, 74, 221, 'Glenda Thiel', 'marvin.thurman@example.org', '2022-02-03 01:53:14', '2022-02-03 01:53:14'),
(579, 2, 16, 293, 'Maymie Okuneva', 'wilderman.hallie@example.net', '2022-02-03 01:53:14', '2022-02-03 01:53:14'),
(580, 3, 69, 260, 'Clemmie Stiedemann', 'charlie.okuneva@example.com', '2022-02-03 01:53:14', '2022-02-03 01:53:14'),
(581, 1, 19, 123, 'Ms. Myrtie Rau', 'mcdermott.dana@example.com', '2022-02-03 01:53:14', '2022-02-03 01:53:14'),
(582, 2, 57, 66, 'Geovanny Tromp', 'romaguera.sophie@example.net', '2022-02-03 01:53:14', '2022-02-03 01:53:14'),
(583, 3, 51, 108, 'Grayce Kessler', 'vada65@example.org', '2022-02-03 01:53:14', '2022-02-03 01:53:14'),
(584, 1, 72, 184, 'Mrs. Baby Bahringer DVM', 'elijah.borer@example.net', '2022-02-03 01:53:14', '2022-02-03 01:53:14'),
(585, 1, 52, 151, 'Mr. Hilton Effertz II', 'green.eino@example.org', '2022-02-03 01:53:14', '2022-02-03 01:53:14'),
(586, 2, 98, 228, 'Mr. Ike Heathcote', 'pinkie98@example.org', '2022-02-03 01:53:14', '2022-02-03 01:53:14'),
(587, 4, 29, 112, 'Mr. Davin Jacobs II', 'wtremblay@example.com', '2022-02-03 01:53:14', '2022-02-03 01:53:14'),
(588, 3, 62, 262, 'Mr. Reymundo Fay DDS', 'carter.meggie@example.net', '2022-02-03 01:53:14', '2022-02-03 01:53:14'),
(589, 1, 68, 248, 'Dariana Ankunding', 'sklein@example.com', '2022-02-03 01:53:14', '2022-02-03 01:53:14'),
(590, 2, 87, 125, 'Candida Ward', 'lisa27@example.com', '2022-02-03 01:53:14', '2022-02-03 01:53:14'),
(591, 1, 7, 15, 'Eula Rohan IV', 'thiel.mason@example.com', '2022-02-03 01:53:14', '2022-02-03 01:53:14'),
(592, 4, 85, 56, 'Nina Wyman', 'sporer.evan@example.net', '2022-02-03 01:53:14', '2022-02-03 01:53:14'),
(593, 1, 50, 262, 'Jeromy Schoen II', 'shawn26@example.com', '2022-02-03 01:53:14', '2022-02-03 01:53:14'),
(594, 2, 24, 193, 'Norval Emard', 'hilda91@example.org', '2022-02-03 01:53:14', '2022-02-03 01:53:14'),
(595, 2, 75, 56, 'Corrine Lueilwitz', 'gusikowski.rachelle@example.net', '2022-02-03 01:53:14', '2022-02-03 01:53:14'),
(596, 2, 1, 142, 'Maverick Heathcote', 'ntillman@example.net', '2022-02-03 01:53:14', '2022-02-03 01:53:14'),
(597, 2, 86, 51, 'Rollin O\'Conner DVM', 'aleen93@example.org', '2022-02-03 01:53:14', '2022-02-03 01:53:14'),
(598, 3, 27, 266, 'Miss Shaniya Hand', 'feil.judy@example.org', '2022-02-03 01:53:14', '2022-02-03 01:53:14'),
(599, 2, 98, 175, 'Mrs. Eulalia Heller', 'rnicolas@example.com', '2022-02-03 01:53:14', '2022-02-03 01:53:14'),
(600, 1, 13, 69, 'Miss Ally Keeling PhD', 'nickolas.murphy@example.net', '2022-02-03 01:53:14', '2022-02-03 01:53:14'),
(601, 1, 69, 21, 'Sylvia Windler', 'dino50@example.net', '2022-02-03 01:53:14', '2022-02-03 01:53:14'),
(602, 2, 4, 41, 'Phyllis Durgan', 'chase91@example.org', '2022-02-03 01:53:14', '2022-02-03 01:53:14'),
(603, 4, 68, 256, 'Ms. Kasey Koepp', 'kayley.abbott@example.org', '2022-02-03 01:53:14', '2022-02-03 01:53:14'),
(604, 1, 36, 10, 'Minerva Brekke PhD', 'yoshiko.bins@example.net', '2022-02-03 01:53:14', '2022-02-03 01:53:14'),
(605, 2, 45, 182, 'Thalia Johnson', 'joanny19@example.net', '2022-02-03 01:53:14', '2022-02-03 01:53:14'),
(606, 3, 83, 107, 'Mellie Bashirian', 'tyreek35@example.com', '2022-02-03 01:53:14', '2022-02-03 01:53:14'),
(607, 2, 51, 25, 'Juliet Wilkinson', 'claudia75@example.net', '2022-02-03 01:53:14', '2022-02-03 01:53:14'),
(608, 4, 67, 215, 'Marilyne Cremin', 'jadon93@example.org', '2022-02-03 01:53:14', '2022-02-03 01:53:14'),
(609, 2, 32, 151, 'Melba Bogan IV', 'kassulke.jessika@example.com', '2022-02-03 01:53:14', '2022-02-03 01:53:14'),
(610, 3, 18, 214, 'Lorena Robel', 'soreilly@example.net', '2022-02-03 01:53:14', '2022-02-03 01:53:14'),
(611, 4, 14, 3, 'Alessandro Toy', 'hkoch@example.org', '2022-02-03 01:53:14', '2022-02-03 01:53:14'),
(612, 1, 33, 126, 'Hope Ferry Jr.', 'mallory71@example.org', '2022-02-03 01:53:14', '2022-02-03 01:53:14'),
(613, 1, 34, 175, 'Kamryn O\'Kon', 'lblick@example.org', '2022-02-03 01:53:14', '2022-02-03 01:53:14'),
(614, 2, 29, 192, 'Dejah Bradtke', 'freeman.kozey@example.org', '2022-02-03 01:53:14', '2022-02-03 01:53:14'),
(615, 1, 100, 209, 'Orlo Streich', 'raina.murray@example.org', '2022-02-03 01:53:14', '2022-02-03 01:53:14'),
(616, 1, 28, 111, 'Kailey Nitzsche DDS', 'jerrold.kautzer@example.org', '2022-02-03 01:53:14', '2022-02-03 01:53:14'),
(617, 2, 7, 107, 'Dr. Barbara Bogan DVM', 'wendy.purdy@example.com', '2022-02-03 01:53:14', '2022-02-03 01:53:14'),
(618, 2, 38, 75, 'Callie Cormier', 'nerdman@example.com', '2022-02-03 01:53:14', '2022-02-03 01:53:14'),
(619, 2, 1, 7, 'Davion Grimes', 'alfonso45@example.org', '2022-02-03 01:53:14', '2022-02-03 01:53:14'),
(620, 4, 95, 103, 'Dr. Freeman Von V', 'ethelyn44@example.org', '2022-02-03 01:53:14', '2022-02-03 01:53:14'),
(621, 2, 64, 195, 'Earlene Steuber', 'johnson.watson@example.net', '2022-02-03 01:53:14', '2022-02-03 01:53:14'),
(622, 1, 49, 178, 'Dr. Herminio Collier V', 'gorczany.chanel@example.com', '2022-02-03 01:53:14', '2022-02-03 01:53:14'),
(623, 1, 55, 160, 'Octavia Carter', 'gladyce.lockman@example.org', '2022-02-03 01:53:14', '2022-02-03 01:53:14'),
(624, 3, 84, 229, 'Aurore Mohr', 'malika.smith@example.com', '2022-02-03 01:53:14', '2022-02-03 01:53:14'),
(625, 4, 17, 194, 'Dr. Bobby Von I', 'ischmidt@example.net', '2022-02-03 01:53:14', '2022-02-03 01:53:14'),
(626, 3, 1, 124, 'Dimitri O\'Reilly', 'doyle.beverly@example.net', '2022-02-03 01:53:14', '2022-02-03 01:53:14'),
(627, 3, 79, 65, 'Kristina Lind', 'kenton.cremin@example.org', '2022-02-03 01:53:14', '2022-02-03 01:53:14'),
(628, 2, 89, 22, 'Mrs. Vincenza Runolfsson V', 'kathleen33@example.com', '2022-02-03 01:53:14', '2022-02-03 01:53:14'),
(629, 3, 78, 87, 'Mercedes Purdy', 'ebecker@example.com', '2022-02-03 01:53:14', '2022-02-03 01:53:14'),
(630, 2, 56, 162, 'Everette Okuneva', 'mbernhard@example.net', '2022-02-03 01:53:14', '2022-02-03 01:53:14'),
(631, 4, 51, 20, 'Ed Heaney', 'cdenesik@example.net', '2022-02-03 01:53:14', '2022-02-03 01:53:14'),
(632, 2, 92, 121, 'Lamar Thompson', 'ryleigh81@example.com', '2022-02-03 01:53:14', '2022-02-03 01:53:14'),
(633, 3, 73, 188, 'Samanta Bradtke', 'hallie.ziemann@example.org', '2022-02-03 01:53:14', '2022-02-03 01:53:14'),
(634, 1, 80, 7, 'Mrs. Joyce Yundt', 'murphy.karlee@example.net', '2022-02-03 01:53:14', '2022-02-03 01:53:14'),
(635, 1, 75, 198, 'Prof. Susana Streich Jr.', 'kathryne84@example.com', '2022-02-03 01:53:14', '2022-02-03 01:53:14'),
(636, 3, 3, 92, 'Rebeca Weber', 'pink23@example.org', '2022-02-03 01:53:14', '2022-02-03 01:53:14'),
(637, 3, 86, 39, 'Mr. Winston Dooley V', 'aokuneva@example.com', '2022-02-03 01:53:15', '2022-02-03 01:53:15'),
(638, 3, 67, 270, 'Markus Davis', 'swift.jaycee@example.org', '2022-02-03 01:53:15', '2022-02-03 01:53:15'),
(639, 3, 10, 252, 'Hipolito Hodkiewicz', 'jackeline.kris@example.org', '2022-02-03 01:53:15', '2022-02-03 01:53:15'),
(640, 4, 18, 42, 'Jeramie Russel', 'gunner.batz@example.net', '2022-02-03 01:53:15', '2022-02-03 01:53:15'),
(641, 2, 7, 257, 'Prof. Connie Runolfsdottir I', 'elliott.kulas@example.com', '2022-02-03 01:53:15', '2022-02-03 01:53:15'),
(642, 2, 74, 79, 'Blair Conn', 'lesly.wuckert@example.net', '2022-02-03 01:53:15', '2022-02-03 01:53:15'),
(643, 4, 99, 19, 'Dr. Virgie Daugherty PhD', 'stiedemann.emmet@example.net', '2022-02-03 01:53:15', '2022-02-03 01:53:15'),
(644, 3, 54, 186, 'Eduardo O\'Kon', 'alisa.wisozk@example.org', '2022-02-03 01:53:15', '2022-02-03 01:53:15'),
(645, 3, 93, 1, 'Davonte Blick', 'homenick.kelsi@example.org', '2022-02-03 01:53:15', '2022-02-03 01:53:15'),
(646, 3, 65, 280, 'Vance Emmerich', 'gkozey@example.net', '2022-02-03 01:53:15', '2022-02-03 01:53:15'),
(647, 1, 3, 239, 'Prof. Carolina Medhurst', 'alena59@example.org', '2022-02-03 01:53:15', '2022-02-03 01:53:15'),
(648, 1, 96, 186, 'Asha Schmitt V', 'morissette.roxane@example.net', '2022-02-03 01:53:15', '2022-02-03 01:53:15'),
(649, 1, 61, 186, 'Mr. Dante Bosco', 'zlesch@example.net', '2022-02-03 01:53:15', '2022-02-03 01:53:15'),
(650, 1, 44, 1, 'Dr. Domingo Witting DVM', 'justine51@example.com', '2022-02-03 01:53:15', '2022-02-03 01:53:15'),
(651, 4, 49, 164, 'Dr. Winona Gleichner', 'ulises.corwin@example.org', '2022-02-03 01:53:15', '2022-02-03 01:53:15'),
(652, 4, 10, 74, 'Vicente Wisozk', 'efeeney@example.org', '2022-02-03 01:53:15', '2022-02-03 01:53:15'),
(653, 2, 43, 104, 'Monica Rath V', 'schneider.giovanna@example.org', '2022-02-03 01:53:15', '2022-02-03 01:53:15'),
(654, 2, 83, 290, 'Lessie Krajcik', 'morissette.arnoldo@example.net', '2022-02-03 01:53:15', '2022-02-03 01:53:15'),
(655, 3, 67, 6, 'Rahsaan Hilpert', 'dhoeger@example.net', '2022-02-03 01:53:15', '2022-02-03 01:53:15'),
(656, 1, 72, 292, 'Yazmin Gottlieb Jr.', 'quitzon.amparo@example.org', '2022-02-03 01:53:15', '2022-02-03 01:53:15'),
(657, 1, 71, 75, 'Mrs. Alverta Hayes', 'christian95@example.com', '2022-02-03 01:53:15', '2022-02-03 01:53:15'),
(658, 4, 23, 1, 'Ludwig Dicki', 'sanford.tristin@example.net', '2022-02-03 01:53:15', '2022-02-03 01:53:15'),
(659, 2, 61, 221, 'Britney Ernser', 'opaucek@example.org', '2022-02-03 01:53:15', '2022-02-03 01:53:15'),
(660, 4, 42, 228, 'Adan Torp', 'wswaniawski@example.net', '2022-02-03 01:53:15', '2022-02-03 01:53:15'),
(661, 2, 68, 110, 'Hadley Marquardt II', 'nkerluke@example.net', '2022-02-03 01:53:15', '2022-02-03 01:53:15'),
(662, 3, 99, 223, 'Dr. Rocky Barton', 'lourdes45@example.com', '2022-02-03 01:53:15', '2022-02-03 01:53:15'),
(663, 3, 2, 229, 'Francisco Gislason', 'maria.olson@example.org', '2022-02-03 01:53:15', '2022-02-03 01:53:15'),
(664, 2, 72, 201, 'Dr. Glenna Littel PhD', 'orn.nyah@example.net', '2022-02-03 01:53:15', '2022-02-03 01:53:15'),
(665, 1, 71, 113, 'Destini Bechtelar III', 'jairo35@example.com', '2022-02-03 01:53:15', '2022-02-03 01:53:15'),
(666, 1, 8, 161, 'John Zieme', 'wehner.misty@example.net', '2022-02-03 01:53:15', '2022-02-03 01:53:15'),
(667, 1, 84, 148, 'Marlin D\'Amore', 'kaci.ullrich@example.net', '2022-02-03 01:53:15', '2022-02-03 01:53:15'),
(668, 2, 18, 158, 'Mrs. Janessa Zemlak DDS', 'doyle.janet@example.net', '2022-02-03 01:53:15', '2022-02-03 01:53:15'),
(669, 1, 65, 125, 'Bradley Hegmann', 'shania.kunze@example.net', '2022-02-03 01:53:15', '2022-02-03 01:53:15'),
(670, 3, 36, 244, 'Jamey Beer', 'carmelo75@example.net', '2022-02-03 01:53:15', '2022-02-03 01:53:15'),
(671, 4, 70, 258, 'Trycia Herzog', 'annie39@example.com', '2022-02-03 01:53:15', '2022-02-03 01:53:15'),
(672, 3, 23, 81, 'Mrs. Aliza Tillman DDS', 'trey14@example.net', '2022-02-03 01:53:15', '2022-02-03 01:53:15'),
(673, 4, 5, 270, 'Mrs. Brittany Stark', 'joanny54@example.org', '2022-02-03 01:53:15', '2022-02-03 01:53:15'),
(674, 3, 48, 53, 'Mrs. Bert Pfeffer', 'agustin88@example.org', '2022-02-03 01:53:15', '2022-02-03 01:53:15'),
(675, 3, 67, 28, 'Devante Haley', 'timothy.roberts@example.org', '2022-02-03 01:53:15', '2022-02-03 01:53:15'),
(676, 2, 58, 283, 'Destinee Wolff', 'crona.paolo@example.net', '2022-02-03 01:53:15', '2022-02-03 01:53:15'),
(677, 4, 10, 58, 'Katherine Hudson', 'fredrick83@example.org', '2022-02-03 01:53:15', '2022-02-03 01:53:15'),
(678, 4, 69, 288, 'Mrs. Bethany Schmidt', 'klein.bradly@example.net', '2022-02-03 01:53:15', '2022-02-03 01:53:15'),
(679, 1, 85, 4, 'Theodora Hahn', 'kessler.amalia@example.net', '2022-02-03 01:53:15', '2022-02-03 01:53:15'),
(680, 4, 33, 81, 'Vincent Reinger DVM', 'verna.kassulke@example.net', '2022-02-03 01:53:15', '2022-02-03 01:53:15'),
(681, 3, 31, 215, 'Tyreek Hirthe', 'zboncak.manuel@example.net', '2022-02-03 01:53:15', '2022-02-03 01:53:15'),
(682, 4, 71, 141, 'Violet Treutel', 'liana64@example.com', '2022-02-03 01:53:15', '2022-02-03 01:53:15'),
(683, 2, 92, 293, 'Molly Hamill', 'ella.stracke@example.net', '2022-02-03 01:53:15', '2022-02-03 01:53:15'),
(684, 2, 48, 98, 'Hilda Kozey', 'aimee.hammes@example.net', '2022-02-03 01:53:15', '2022-02-03 01:53:15'),
(685, 3, 30, 96, 'Chase Ernser', 'sklocko@example.org', '2022-02-03 01:53:15', '2022-02-03 01:53:15'),
(686, 3, 44, 253, 'Mrs. Ova Lehner IV', 'herta08@example.net', '2022-02-03 01:53:15', '2022-02-03 01:53:15'),
(687, 4, 28, 184, 'Mrs. Eulah Swaniawski', 'ward.mylene@example.com', '2022-02-03 01:53:15', '2022-02-03 01:53:15'),
(688, 2, 76, 67, 'Prof. Jennings Cummings I', 'judd.koss@example.net', '2022-02-03 01:53:15', '2022-02-03 01:53:15'),
(689, 3, 17, 94, 'Melisa Hirthe', 'mueller.destini@example.com', '2022-02-03 01:53:15', '2022-02-03 01:53:15'),
(690, 1, 88, 120, 'Prof. Linwood Crist', 'dwindler@example.org', '2022-02-03 01:53:15', '2022-02-03 01:53:15'),
(691, 4, 84, 3, 'Flo D\'Amore', 'ptowne@example.net', '2022-02-03 01:53:15', '2022-02-03 01:53:15'),
(692, 3, 9, 159, 'Beryl McClure II', 'bogan.gennaro@example.com', '2022-02-03 01:53:15', '2022-02-03 01:53:15'),
(693, 2, 35, 115, 'Ms. Sibyl Koss PhD', 'eolson@example.org', '2022-02-03 01:53:15', '2022-02-03 01:53:15'),
(694, 2, 62, 40, 'Dr. Jordon Parker', 'jedediah31@example.org', '2022-02-03 01:53:15', '2022-02-03 01:53:15'),
(695, 4, 29, 276, 'Braxton Wintheiser', 'ebert.ariel@example.net', '2022-02-03 01:53:15', '2022-02-03 01:53:15'),
(696, 1, 21, 241, 'Jazlyn Kub DDS', 'swalsh@example.net', '2022-02-03 01:53:15', '2022-02-03 01:53:15'),
(697, 3, 39, 263, 'Domenick Mertz', 'alessia.legros@example.org', '2022-02-03 01:53:15', '2022-02-03 01:53:15'),
(698, 3, 79, 261, 'Tracy Harris', 'gerhold.jaron@example.org', '2022-02-03 01:53:15', '2022-02-03 01:53:15'),
(699, 3, 78, 116, 'Mrs. Scarlett Toy', 'konopelski.brigitte@example.org', '2022-02-03 01:53:15', '2022-02-03 01:53:15'),
(700, 2, 27, 107, 'Micaela Raynor', 'rath.claudie@example.com', '2022-02-03 01:53:15', '2022-02-03 01:53:15'),
(701, 1, 7, 170, 'Alexane Ziemann III', 'gluettgen@example.net', '2022-02-03 01:53:15', '2022-02-03 01:53:15'),
(702, 1, 34, 110, 'Deonte Wiegand', 'nora.emmerich@example.net', '2022-02-03 01:53:15', '2022-02-03 01:53:15'),
(703, 4, 10, 14, 'Courtney Balistreri', 'eva03@example.net', '2022-02-03 01:53:15', '2022-02-03 01:53:15'),
(704, 3, 37, 59, 'Annamarie Bednar', 'alanis88@example.org', '2022-02-03 01:53:15', '2022-02-03 01:53:15'),
(705, 4, 38, 279, 'Eva Kuhlman MD', 'camila.fahey@example.net', '2022-02-03 01:53:15', '2022-02-03 01:53:15'),
(706, 4, 86, 82, 'Kaylah Kuhn', 'sconroy@example.org', '2022-02-03 01:53:15', '2022-02-03 01:53:15'),
(707, 4, 90, 90, 'Francisca Fahey', 'matteo30@example.org', '2022-02-03 01:53:15', '2022-02-03 01:53:15'),
(708, 2, 48, 223, 'Ivory Daniel Sr.', 'hartmann.fay@example.net', '2022-02-03 01:53:15', '2022-02-03 01:53:15'),
(709, 1, 40, 176, 'Felicity Renner', 'vlakin@example.org', '2022-02-03 01:53:15', '2022-02-03 01:53:15'),
(710, 1, 75, 124, 'Arch Lehner', 'streich.maybell@example.org', '2022-02-03 01:53:15', '2022-02-03 01:53:15'),
(711, 3, 76, 129, 'Dr. Marcel Funk MD', 'cbuckridge@example.net', '2022-02-03 01:53:15', '2022-02-03 01:53:15'),
(712, 4, 10, 65, 'Lenny Graham', 'lucile.kutch@example.net', '2022-02-03 01:53:15', '2022-02-03 01:53:15'),
(713, 2, 25, 42, 'Ona Altenwerth', 'robbie.homenick@example.com', '2022-02-03 01:53:15', '2022-02-03 01:53:15'),
(714, 3, 98, 114, 'Mathilde Gleichner DVM', 'lkertzmann@example.net', '2022-02-03 01:53:15', '2022-02-03 01:53:15'),
(715, 2, 53, 86, 'Jayme Block', 'msporer@example.net', '2022-02-03 01:53:15', '2022-02-03 01:53:15'),
(716, 1, 61, 155, 'Kurtis Bruen', 'willms.howard@example.net', '2022-02-03 01:53:15', '2022-02-03 01:53:15'),
(717, 1, 69, 20, 'Lesly Eichmann', 'lreinger@example.com', '2022-02-03 01:53:15', '2022-02-03 01:53:15'),
(718, 2, 74, 232, 'Myrtis Orn MD', 'dedrick99@example.com', '2022-02-03 01:53:15', '2022-02-03 01:53:15'),
(719, 2, 88, 143, 'Dr. Orion Schumm', 'myles91@example.com', '2022-02-03 01:53:15', '2022-02-03 01:53:15'),
(720, 4, 35, 282, 'Edythe McClure', 'raleigh83@example.org', '2022-02-03 01:53:15', '2022-02-03 01:53:15'),
(721, 1, 69, 29, 'Ernie Schroeder', 'adolph.hane@example.com', '2022-02-03 01:53:15', '2022-02-03 01:53:15'),
(722, 1, 43, 6, 'Ettie DuBuque', 'ratke.christina@example.com', '2022-02-03 01:53:15', '2022-02-03 01:53:15'),
(723, 3, 55, 180, 'Kianna Boehm', 'dooley.forest@example.net', '2022-02-03 01:53:15', '2022-02-03 01:53:15'),
(724, 1, 39, 155, 'Hadley Schmidt', 'phodkiewicz@example.com', '2022-02-03 01:53:15', '2022-02-03 01:53:15'),
(725, 2, 48, 184, 'Brady Corwin', 'bhammes@example.net', '2022-02-03 01:53:15', '2022-02-03 01:53:15'),
(726, 1, 51, 288, 'Clare Gleichner MD', 'felicity46@example.net', '2022-02-03 01:53:15', '2022-02-03 01:53:15'),
(727, 4, 100, 95, 'Prudence Yost', 'precious23@example.com', '2022-02-03 01:53:15', '2022-02-03 01:53:15'),
(728, 2, 43, 84, 'Prof. Morgan Anderson MD', 'mcdermott.rosella@example.net', '2022-02-03 01:53:15', '2022-02-03 01:53:15'),
(729, 3, 56, 10, 'Rodrigo Jast', 'feest.carolina@example.com', '2022-02-03 01:53:15', '2022-02-03 01:53:15'),
(730, 2, 7, 33, 'Astrid Schuppe', 'sauer.reyes@example.net', '2022-02-03 01:53:15', '2022-02-03 01:53:15'),
(731, 4, 78, 203, 'Miss Coralie Pacocha III', 'samantha28@example.net', '2022-02-03 01:53:15', '2022-02-03 01:53:15'),
(732, 3, 53, 109, 'Alena Koepp', 'jamey88@example.net', '2022-02-03 01:53:15', '2022-02-03 01:53:15'),
(733, 2, 60, 70, 'Vaughn Mueller', 'uwill@example.net', '2022-02-03 01:53:15', '2022-02-03 01:53:15'),
(734, 1, 69, 224, 'Dr. Shaylee Emard', 'bhettinger@example.net', '2022-02-03 01:53:15', '2022-02-03 01:53:15'),
(735, 1, 97, 299, 'Mariela Armstrong', 'oweber@example.org', '2022-02-03 01:53:15', '2022-02-03 01:53:15'),
(736, 4, 68, 178, 'Mrs. Ellie Armstrong', 'joel49@example.com', '2022-02-03 01:53:15', '2022-02-03 01:53:15'),
(737, 3, 10, 106, 'Madisyn Lind', 'mmoore@example.com', '2022-02-03 01:53:15', '2022-02-03 01:53:15'),
(738, 2, 16, 141, 'Narciso Hane II', 'zcarroll@example.net', '2022-02-03 01:53:15', '2022-02-03 01:53:15'),
(739, 1, 73, 130, 'Mr. Kennedy Nitzsche II', 'olson.libby@example.org', '2022-02-03 01:53:15', '2022-02-03 01:53:15'),
(740, 4, 62, 233, 'Mr. Brycen Dietrich', 'easter.jaskolski@example.com', '2022-02-03 01:53:15', '2022-02-03 01:53:15'),
(741, 2, 45, 291, 'Prof. Pamela Yundt PhD', 'jane41@example.net', '2022-02-03 01:53:15', '2022-02-03 01:53:15'),
(742, 1, 7, 134, 'Dr. Dee Schumm DVM', 'buford35@example.net', '2022-02-03 01:53:15', '2022-02-03 01:53:15'),
(743, 3, 90, 147, 'Prof. Reuben Torphy Sr.', 'devan.runolfsdottir@example.org', '2022-02-03 01:53:15', '2022-02-03 01:53:15'),
(744, 4, 22, 162, 'Vladimir Goldner', 'ylueilwitz@example.com', '2022-02-03 01:53:15', '2022-02-03 01:53:15'),
(745, 2, 97, 289, 'Eusebio Yost PhD', 'dante77@example.org', '2022-02-03 01:53:15', '2022-02-03 01:53:15'),
(746, 3, 95, 142, 'Nathaniel Jacobi', 'jailyn.koss@example.org', '2022-02-03 01:53:15', '2022-02-03 01:53:15'),
(747, 2, 3, 36, 'Mrs. Kaylin Russel Jr.', 'otho97@example.org', '2022-02-03 01:53:15', '2022-02-03 01:53:15'),
(748, 4, 29, 101, 'Danika Welch', 'qlind@example.org', '2022-02-03 01:53:15', '2022-02-03 01:53:15'),
(749, 1, 38, 2, 'Ms. Lolita Quitzon', 'ukrajcik@example.net', '2022-02-03 01:53:15', '2022-02-03 01:53:15'),
(750, 3, 33, 219, 'Floyd Dare', 'lebsack.edwin@example.org', '2022-02-03 01:53:15', '2022-02-03 01:53:15'),
(751, 1, 32, 238, 'Arjun Conn', 'johnson88@example.com', '2022-02-03 01:53:15', '2022-02-03 01:53:15'),
(752, 4, 54, 92, 'Norwood Beier', 'dubuque.vance@example.net', '2022-02-03 01:53:15', '2022-02-03 01:53:15'),
(753, 4, 49, 140, 'Imelda Auer', 'hschmidt@example.com', '2022-02-03 01:53:15', '2022-02-03 01:53:15'),
(754, 3, 30, 124, 'Emmett Kling', 'jweissnat@example.org', '2022-02-03 01:53:15', '2022-02-03 01:53:15'),
(755, 3, 47, 212, 'Doris Rutherford', 'lelah41@example.org', '2022-02-03 01:53:15', '2022-02-03 01:53:15'),
(756, 3, 34, 262, 'Don Stehr', 'salma.stark@example.com', '2022-02-03 01:53:15', '2022-02-03 01:53:15'),
(757, 2, 8, 87, 'Jermaine Crona', 'bailey.kevon@example.net', '2022-02-03 01:53:15', '2022-02-03 01:53:15'),
(758, 1, 8, 39, 'Anderson Casper Sr.', 'myrtie.wyman@example.org', '2022-02-03 01:53:15', '2022-02-03 01:53:15'),
(759, 2, 29, 256, 'Ms. Michelle Hegmann', 'delbert86@example.net', '2022-02-03 01:53:15', '2022-02-03 01:53:15'),
(760, 1, 45, 25, 'Miss Maryse Leffler', 'clyde67@example.com', '2022-02-03 01:53:15', '2022-02-03 01:53:15'),
(761, 4, 47, 125, 'Lesly Dickens', 'frami.joe@example.org', '2022-02-03 01:53:15', '2022-02-03 01:53:15'),
(762, 3, 66, 179, 'Dr. Gaetano Tromp', 'hellen79@example.com', '2022-02-03 01:53:15', '2022-02-03 01:53:15'),
(763, 3, 44, 258, 'Rosamond Kemmer', 'sarah36@example.org', '2022-02-03 01:53:15', '2022-02-03 01:53:15'),
(764, 4, 97, 63, 'Dedric Murazik III', 'wmcdermott@example.net', '2022-02-03 01:53:15', '2022-02-03 01:53:15'),
(765, 3, 62, 116, 'Ms. Sydnie Ruecker', 'lakin.johan@example.net', '2022-02-03 01:53:15', '2022-02-03 01:53:15'),
(766, 2, 43, 142, 'Ruben Bosco', 'zborer@example.org', '2022-02-03 01:53:15', '2022-02-03 01:53:15'),
(767, 2, 22, 105, 'Dannie Botsford III', 'xsporer@example.net', '2022-02-03 01:53:15', '2022-02-03 01:53:15'),
(768, 3, 21, 79, 'Miss Zula Friesen III', 'wmacejkovic@example.com', '2022-02-03 01:53:15', '2022-02-03 01:53:15'),
(769, 1, 39, 114, 'Ms. Alda Mayer', 'runolfsdottir.steve@example.net', '2022-02-03 01:53:15', '2022-02-03 01:53:15'),
(770, 3, 100, 157, 'Cleveland Haley V', 'jamel.kuhic@example.com', '2022-02-03 01:53:15', '2022-02-03 01:53:15'),
(771, 3, 52, 230, 'Gordon Stoltenberg IV', 'will.rosella@example.org', '2022-02-03 01:53:15', '2022-02-03 01:53:15'),
(772, 2, 92, 44, 'Adolf O\'Reilly', 'rice.misael@example.com', '2022-02-03 01:53:15', '2022-02-03 01:53:15'),
(773, 3, 28, 56, 'Daisy Bernhard', 'william76@example.org', '2022-02-03 01:53:15', '2022-02-03 01:53:15'),
(774, 3, 63, 172, 'Orpha Kirlin', 'retta.toy@example.org', '2022-02-03 01:53:15', '2022-02-03 01:53:15'),
(775, 1, 94, 78, 'Nathanael Little', 'bart13@example.net', '2022-02-03 01:53:15', '2022-02-03 01:53:15'),
(776, 1, 27, 157, 'Prof. Janet Vandervort', 'tommie.doyle@example.com', '2022-02-03 01:53:15', '2022-02-03 01:53:15'),
(777, 3, 47, 11, 'Garth Bailey', 'onie77@example.com', '2022-02-03 01:53:15', '2022-02-03 01:53:15'),
(778, 4, 63, 153, 'Thomas Ankunding', 'cornell19@example.com', '2022-02-03 01:53:15', '2022-02-03 01:53:15'),
(779, 2, 13, 142, 'Florencio Quigley', 'deshawn07@example.net', '2022-02-03 01:53:15', '2022-02-03 01:53:15'),
(780, 1, 15, 195, 'Mr. Roderick Goldner I', 'onolan@example.net', '2022-02-03 01:53:15', '2022-02-03 01:53:15'),
(781, 3, 74, 46, 'Lazaro Friesen', 'cummerata.chadrick@example.net', '2022-02-03 01:53:15', '2022-02-03 01:53:15'),
(782, 4, 2, 295, 'Jaida Kihn', 'ledner.annabel@example.com', '2022-02-03 01:53:15', '2022-02-03 01:53:15'),
(783, 2, 30, 53, 'Flavio Turcotte', 'uboyer@example.org', '2022-02-03 01:53:15', '2022-02-03 01:53:15'),
(784, 2, 76, 147, 'Miss Gerry Beier', 'hintz.dejah@example.com', '2022-02-03 01:53:15', '2022-02-03 01:53:15'),
(785, 2, 17, 262, 'Jovany Crona', 'isauer@example.com', '2022-02-03 01:53:15', '2022-02-03 01:53:15'),
(786, 3, 57, 191, 'Ruben Baumbach', 'nicole58@example.net', '2022-02-03 01:53:15', '2022-02-03 01:53:15'),
(787, 3, 35, 38, 'Ms. Lelah Herman', 'kernser@example.com', '2022-02-03 01:53:15', '2022-02-03 01:53:15'),
(788, 1, 45, 211, 'Nestor Leannon', 'jeremy56@example.net', '2022-02-03 01:53:15', '2022-02-03 01:53:15'),
(789, 1, 52, 31, 'Ladarius Considine I', 'terry.cedrick@example.com', '2022-02-03 01:53:15', '2022-02-03 01:53:15'),
(790, 1, 50, 267, 'Woodrow Kling', 'hermiston.taurean@example.org', '2022-02-03 01:53:15', '2022-02-03 01:53:15'),
(791, 4, 89, 278, 'Bernardo Towne', 'darwin64@example.org', '2022-02-03 01:53:15', '2022-02-03 01:53:15'),
(792, 3, 58, 36, 'Prof. Bobby Doyle DVM', 'schmidt.naomi@example.com', '2022-02-03 01:53:15', '2022-02-03 01:53:15'),
(793, 2, 55, 27, 'Miss Sunny Fisher', 'nyasia53@example.org', '2022-02-03 01:53:15', '2022-02-03 01:53:15'),
(794, 3, 54, 173, 'Dr. Shane Windler', 'toni12@example.com', '2022-02-03 01:53:15', '2022-02-03 01:53:15'),
(795, 4, 6, 257, 'Ryleigh Bogan', 'xmccullough@example.net', '2022-02-03 01:53:15', '2022-02-03 01:53:15'),
(796, 4, 50, 123, 'Dr. Raphael Swaniawski V', 'kautzer.wilford@example.org', '2022-02-03 01:53:15', '2022-02-03 01:53:15'),
(797, 1, 86, 60, 'Sigmund Miller DDS', 'greenfelder.walton@example.org', '2022-02-03 01:53:15', '2022-02-03 01:53:15'),
(798, 2, 54, 233, 'Desmond Bins', 'kling.stephany@example.org', '2022-02-03 01:53:15', '2022-02-03 01:53:15'),
(799, 1, 29, 223, 'Queen Wintheiser Jr.', 'hartmann.rhianna@example.org', '2022-02-03 01:53:15', '2022-02-03 01:53:15'),
(800, 2, 38, 165, 'Mr. Josiah Treutel PhD', 'rhettinger@example.net', '2022-02-03 01:53:15', '2022-02-03 01:53:15'),
(801, 3, 47, 134, 'Clyde Ferry', 'gkassulke@example.com', '2022-02-03 01:53:15', '2022-02-03 01:53:15'),
(802, 1, 2, 155, 'Landen Stiedemann Jr.', 'benny.hand@example.net', '2022-02-03 01:53:15', '2022-02-03 01:53:15'),
(803, 1, 78, 262, 'Eduardo Crooks', 'robel.richie@example.org', '2022-02-03 01:53:15', '2022-02-03 01:53:15'),
(804, 4, 19, 254, 'Donavon Prohaska', 'marcella53@example.org', '2022-02-03 01:53:15', '2022-02-03 01:53:15'),
(805, 1, 23, 160, 'Lucio Hoppe', 'christina55@example.net', '2022-02-03 01:53:15', '2022-02-03 01:53:15'),
(806, 1, 89, 121, 'Prof. Hal Johns', 'denesik.melvin@example.org', '2022-02-03 01:53:15', '2022-02-03 01:53:15'),
(807, 4, 47, 171, 'Keeley Runte Sr.', 'spencer.romaine@example.com', '2022-02-03 01:53:15', '2022-02-03 01:53:15'),
(808, 2, 68, 288, 'Margret Dach', 'carter.garfield@example.com', '2022-02-03 01:53:15', '2022-02-03 01:53:15'),
(809, 4, 89, 66, 'Brent Gibson Jr.', 'auer.fred@example.net', '2022-02-03 01:53:15', '2022-02-03 01:53:15'),
(810, 3, 34, 230, 'Ms. Dolly Veum', 'ntoy@example.org', '2022-02-03 01:53:15', '2022-02-03 01:53:15'),
(811, 4, 15, 293, 'Nigel Reichel', 'keely.wintheiser@example.net', '2022-02-03 01:53:15', '2022-02-03 01:53:15'),
(812, 1, 78, 265, 'Dr. Vicenta Kessler DVM', 'vincenza76@example.org', '2022-02-03 01:53:15', '2022-02-03 01:53:15'),
(813, 4, 95, 183, 'Lawrence Padberg', 'laltenwerth@example.com', '2022-02-03 01:53:15', '2022-02-03 01:53:15'),
(814, 3, 78, 210, 'Joan Schultz', 'megane.ullrich@example.net', '2022-02-03 01:53:15', '2022-02-03 01:53:15'),
(815, 3, 85, 10, 'Eileen Mitchell', 'glemke@example.org', '2022-02-03 01:53:15', '2022-02-03 01:53:15'),
(816, 4, 21, 165, 'Madisyn Yost', 'bosco.kadin@example.org', '2022-02-03 01:53:15', '2022-02-03 01:53:15'),
(817, 1, 40, 112, 'Dr. Mandy Schneider DDS', 'aracely53@example.org', '2022-02-03 01:53:15', '2022-02-03 01:53:15'),
(818, 2, 86, 69, 'Hulda Simonis', 'tpfannerstill@example.net', '2022-02-03 01:53:15', '2022-02-03 01:53:15'),
(819, 2, 95, 282, 'Jazlyn Brakus', 'kvandervort@example.com', '2022-02-03 01:53:15', '2022-02-03 01:53:15'),
(820, 3, 56, 167, 'Abagail Armstrong', 'rosalia94@example.com', '2022-02-03 01:53:15', '2022-02-03 01:53:15'),
(821, 4, 54, 163, 'Mr. Kennedy Kuhn', 'marquardt.jaiden@example.org', '2022-02-03 01:53:15', '2022-02-03 01:53:15'),
(822, 1, 35, 5, 'Mrs. Jenifer Harris', 'tromp.santa@example.net', '2022-02-03 01:53:15', '2022-02-03 01:53:15'),
(823, 3, 86, 87, 'Milan Monahan', 'madonna93@example.org', '2022-02-03 01:53:15', '2022-02-03 01:53:15'),
(824, 2, 93, 282, 'Selina Volkman I', 'carter.dorothea@example.org', '2022-02-03 01:53:15', '2022-02-03 01:53:15'),
(825, 4, 77, 120, 'Dr. Dortha Goyette IV', 'jast.cathryn@example.net', '2022-02-03 01:53:15', '2022-02-03 01:53:15'),
(826, 1, 31, 222, 'Jermaine Bartell', 'skiles.corine@example.com', '2022-02-03 01:53:15', '2022-02-03 01:53:15'),
(827, 1, 49, 227, 'Jordane O\'Hara', 'brandon02@example.com', '2022-02-03 01:53:15', '2022-02-03 01:53:15'),
(828, 1, 82, 154, 'Ashly Homenick', 'mayert.kory@example.com', '2022-02-03 01:53:15', '2022-02-03 01:53:15'),
(829, 3, 86, 175, 'Dr. Bryce Mertz', 'oschaefer@example.net', '2022-02-03 01:53:15', '2022-02-03 01:53:15'),
(830, 3, 69, 125, 'Dr. Tiara Harber I', 'oliver.oconner@example.com', '2022-02-03 01:53:15', '2022-02-03 01:53:15'),
(831, 4, 99, 64, 'Quinton Schuppe', 'xander10@example.org', '2022-02-03 01:53:15', '2022-02-03 01:53:15'),
(832, 2, 68, 270, 'Ezekiel Torphy', 'zena53@example.net', '2022-02-03 01:53:15', '2022-02-03 01:53:15'),
(833, 1, 19, 168, 'Dr. Jayden Maggio', 'kabshire@example.com', '2022-02-03 01:53:15', '2022-02-03 01:53:15'),
(834, 3, 27, 215, 'Ms. Blanche Herzog Sr.', 'shields.cyril@example.net', '2022-02-03 01:53:15', '2022-02-03 01:53:15'),
(835, 2, 1, 123, 'Prof. Emmett Bogisich', 'balistreri.cordia@example.org', '2022-02-03 01:53:15', '2022-02-03 01:53:15'),
(836, 1, 55, 49, 'Natalia Schmidt V', 'anabel76@example.org', '2022-02-03 01:53:15', '2022-02-03 01:53:15'),
(837, 2, 36, 253, 'Layne Hill', 'gorczany.marielle@example.net', '2022-02-03 01:53:15', '2022-02-03 01:53:15'),
(838, 3, 34, 191, 'Marcia Mueller', 'hillary33@example.com', '2022-02-03 01:53:15', '2022-02-03 01:53:15'),
(839, 4, 5, 42, 'Cordia Cole V', 'burley.carter@example.net', '2022-02-03 01:53:15', '2022-02-03 01:53:15'),
(840, 3, 69, 242, 'Eldridge Franecki III', 'bernier.cynthia@example.com', '2022-02-03 01:53:15', '2022-02-03 01:53:15'),
(841, 4, 16, 46, 'Larissa Waters', 'casper55@example.org', '2022-02-03 01:53:15', '2022-02-03 01:53:15'),
(842, 1, 50, 217, 'Isac Haag', 'ibeer@example.org', '2022-02-03 01:53:15', '2022-02-03 01:53:15'),
(843, 1, 63, 14, 'Michaela Jacobs', 'bwilliamson@example.com', '2022-02-03 01:53:15', '2022-02-03 01:53:15'),
(844, 4, 15, 188, 'Unique Shields I', 'alda.morissette@example.org', '2022-02-03 01:53:15', '2022-02-03 01:53:15'),
(845, 4, 40, 90, 'Brain Gibson', 'rozella68@example.net', '2022-02-03 01:53:15', '2022-02-03 01:53:15'),
(846, 1, 70, 218, 'Miss Kayli O\'Conner I', 'sylvester.schmeler@example.net', '2022-02-03 01:53:15', '2022-02-03 01:53:15'),
(847, 4, 82, 129, 'Mrs. Ava Kuhic', 'gschoen@example.net', '2022-02-03 01:53:15', '2022-02-03 01:53:15'),
(848, 3, 73, 25, 'Dr. Felix Kunze I', 'pgreenfelder@example.net', '2022-02-03 01:53:15', '2022-02-03 01:53:15'),
(849, 3, 76, 146, 'Einar Kessler', 'glenda95@example.net', '2022-02-03 01:53:15', '2022-02-03 01:53:15'),
(850, 3, 5, 177, 'Noe Rolfson Jr.', 'gconn@example.org', '2022-02-03 01:53:15', '2022-02-03 01:53:15'),
(851, 4, 81, 127, 'Sister Prosacco', 'jared.cormier@example.org', '2022-02-03 01:53:15', '2022-02-03 01:53:15'),
(852, 2, 50, 296, 'Ramon Cruickshank', 'dashawn.davis@example.net', '2022-02-03 01:53:15', '2022-02-03 01:53:15'),
(853, 1, 100, 158, 'Jaime Nader', 'burdette19@example.com', '2022-02-03 01:53:15', '2022-02-03 01:53:15'),
(854, 3, 81, 259, 'Miss Athena Lowe Jr.', 'leffler.idell@example.org', '2022-02-03 01:53:15', '2022-02-03 01:53:15'),
(855, 3, 72, 264, 'Prof. Trevion Walker I', 'qnader@example.org', '2022-02-03 01:53:15', '2022-02-03 01:53:15'),
(856, 1, 55, 229, 'Rodrick Abshire', 'arno36@example.com', '2022-02-03 01:53:15', '2022-02-03 01:53:15'),
(857, 4, 95, 190, 'Dr. Lane Schinner', 'joyce50@example.com', '2022-02-03 01:53:15', '2022-02-03 01:53:15'),
(858, 2, 17, 58, 'Jorge Harvey', 'garrick08@example.com', '2022-02-03 01:53:15', '2022-02-03 01:53:15'),
(859, 2, 71, 21, 'Mrs. Sharon Ryan', 'aileen.sanford@example.org', '2022-02-03 01:53:15', '2022-02-03 01:53:15'),
(860, 3, 75, 125, 'Antonetta Mitchell', 'ysteuber@example.org', '2022-02-03 01:53:15', '2022-02-03 01:53:15'),
(861, 3, 6, 211, 'Roslyn Boyer', 'bruen.valentin@example.org', '2022-02-03 01:53:15', '2022-02-03 01:53:15'),
(862, 2, 88, 193, 'Burdette Feest', 'roberts.devon@example.com', '2022-02-03 01:53:15', '2022-02-03 01:53:15'),
(863, 1, 28, 257, 'Milton Kuphal', 'andres.king@example.com', '2022-02-03 01:53:15', '2022-02-03 01:53:15'),
(864, 4, 93, 262, 'Meagan Heathcote Jr.', 'daren.jaskolski@example.org', '2022-02-03 01:53:15', '2022-02-03 01:53:15'),
(865, 4, 2, 224, 'Ms. Bridie Olson V', 'torey.collins@example.org', '2022-02-03 01:53:15', '2022-02-03 01:53:15'),
(866, 1, 29, 99, 'Jada Luettgen', 'tiara.schaefer@example.org', '2022-02-03 01:53:15', '2022-02-03 01:53:15'),
(867, 4, 22, 66, 'Mr. Sebastian Willms V', 'jabari10@example.org', '2022-02-03 01:53:15', '2022-02-03 01:53:15'),
(868, 1, 56, 22, 'Anya Cartwright', 'ohara.cleora@example.org', '2022-02-03 01:53:15', '2022-02-03 01:53:15'),
(869, 1, 80, 160, 'Mr. Ward Schmitt III', 'pgottlieb@example.org', '2022-02-03 01:53:15', '2022-02-03 01:53:15'),
(870, 3, 77, 206, 'Gaston Hauck', 'schultz.alberto@example.org', '2022-02-03 01:53:15', '2022-02-03 01:53:15'),
(871, 3, 73, 8, 'Jaylen Beatty II', 'tate56@example.com', '2022-02-03 01:53:15', '2022-02-03 01:53:15'),
(872, 3, 78, 249, 'Owen Grimes', 'esta36@example.net', '2022-02-03 01:53:15', '2022-02-03 01:53:15'),
(873, 4, 51, 199, 'Cloyd Metz', 'zulauf.monique@example.org', '2022-02-03 01:53:15', '2022-02-03 01:53:15'),
(874, 3, 34, 66, 'Miss Bessie Roob', 'andres.wuckert@example.com', '2022-02-03 01:53:15', '2022-02-03 01:53:15'),
(875, 1, 92, 45, 'Dr. Jennyfer Brekke', 'anna15@example.net', '2022-02-03 01:53:15', '2022-02-03 01:53:15'),
(876, 3, 56, 206, 'Mr. Rodrick Lueilwitz III', 'stephen.eichmann@example.com', '2022-02-03 01:53:15', '2022-02-03 01:53:15'),
(877, 2, 83, 244, 'Dr. Mozell Hill IV', 'moshe.thompson@example.net', '2022-02-03 01:53:15', '2022-02-03 01:53:15'),
(878, 3, 46, 94, 'Dr. Frances Bode', 'enrico.kuhlman@example.net', '2022-02-03 01:53:15', '2022-02-03 01:53:15'),
(879, 3, 42, 130, 'Marcos Abshire', 'iwilderman@example.com', '2022-02-03 01:53:15', '2022-02-03 01:53:15'),
(880, 4, 38, 198, 'Berry Robel', 'brayan.lind@example.org', '2022-02-03 01:53:15', '2022-02-03 01:53:15'),
(881, 4, 47, 224, 'Ally Schmitt', 'schultz.steve@example.org', '2022-02-03 01:53:15', '2022-02-03 01:53:15'),
(882, 4, 95, 185, 'Aida Larson', 'schultz.tremaine@example.net', '2022-02-03 01:53:15', '2022-02-03 01:53:15'),
(883, 4, 2, 70, 'Sigmund Harber', 'norval.nitzsche@example.net', '2022-02-03 01:53:15', '2022-02-03 01:53:15'),
(884, 4, 64, 239, 'Karson Ernser', 'maud.block@example.org', '2022-02-03 01:53:15', '2022-02-03 01:53:15'),
(885, 2, 57, 227, 'Ms. Shana Rutherford III', 'paucek.terence@example.net', '2022-02-03 01:53:15', '2022-02-03 01:53:15'),
(886, 2, 67, 280, 'Dr. Haylee Lowe PhD', 'daphne92@example.net', '2022-02-03 01:53:15', '2022-02-03 01:53:15'),
(887, 3, 96, 197, 'Dr. Dino Murazik II', 'walsh.jack@example.com', '2022-02-03 01:53:15', '2022-02-03 01:53:15'),
(888, 3, 38, 218, 'Mrs. Linda Schimmel', 'lester.rohan@example.com', '2022-02-03 01:53:15', '2022-02-03 01:53:15'),
(889, 2, 62, 226, 'Amy Rutherford', 'kutch.shanelle@example.com', '2022-02-03 01:53:15', '2022-02-03 01:53:15'),
(890, 3, 18, 93, 'Rory Haley', 'magnolia12@example.org', '2022-02-03 01:53:15', '2022-02-03 01:53:15'),
(891, 1, 32, 51, 'Benton Ankunding', 'okuneva.arely@example.com', '2022-02-03 01:53:15', '2022-02-03 01:53:15'),
(892, 3, 80, 33, 'Felipa Hahn', 'nsauer@example.org', '2022-02-03 01:53:15', '2022-02-03 01:53:15'),
(893, 3, 8, 92, 'Dasia Rath', 'alanis.bayer@example.org', '2022-02-03 01:53:15', '2022-02-03 01:53:15'),
(894, 3, 93, 250, 'Dr. Justina Sipes I', 'verla53@example.com', '2022-02-03 01:53:15', '2022-02-03 01:53:15'),
(895, 1, 74, 283, 'Prof. Fred Lowe', 'terence95@example.org', '2022-02-03 01:53:15', '2022-02-03 01:53:15'),
(896, 4, 39, 256, 'Mrs. Elfrieda Boyer', 'ffriesen@example.net', '2022-02-03 01:53:15', '2022-02-03 01:53:15'),
(897, 3, 66, 155, 'Dejuan Witting', 'cbartoletti@example.net', '2022-02-03 01:53:15', '2022-02-03 01:53:15'),
(898, 1, 82, 202, 'Fiona Torp', 'doyle.saul@example.org', '2022-02-03 01:53:15', '2022-02-03 01:53:15'),
(899, 3, 16, 49, 'Sophie Ullrich', 'floyd19@example.org', '2022-02-03 01:53:15', '2022-02-03 01:53:15'),
(900, 4, 42, 286, 'Prof. Breana Bauch', 'hamill.ubaldo@example.org', '2022-02-03 01:53:15', '2022-02-03 01:53:15'),
(901, 1, 40, 20, 'Meagan Nolan', 'cbarton@example.net', '2022-02-03 01:53:15', '2022-02-03 01:53:15'),
(902, 4, 78, 197, 'Prof. Elvis Howe', 'gulgowski.aurelia@example.net', '2022-02-03 01:53:15', '2022-02-03 01:53:15'),
(903, 1, 71, 85, 'Ms. Ethelyn Wilderman', 'crona.jayne@example.net', '2022-02-03 01:53:15', '2022-02-03 01:53:15'),
(904, 2, 15, 218, 'Ransom Bashirian DDS', 'jean84@example.com', '2022-02-03 01:53:15', '2022-02-03 01:53:15'),
(905, 4, 65, 124, 'Prof. Jedediah Lowe', 'aliza.schoen@example.com', '2022-02-03 01:53:15', '2022-02-03 01:53:15'),
(906, 3, 70, 238, 'Shirley Dare', 'mose46@example.org', '2022-02-03 01:53:15', '2022-02-03 01:53:15'),
(907, 3, 83, 262, 'Fabiola Boyer', 'qkutch@example.com', '2022-02-03 01:53:16', '2022-02-03 01:53:16'),
(908, 2, 99, 56, 'Heloise Schuppe', 'gleichner.zita@example.net', '2022-02-03 01:53:16', '2022-02-03 01:53:16'),
(909, 3, 100, 244, 'Hester Wuckert', 'oleta.bartell@example.com', '2022-02-03 01:53:16', '2022-02-03 01:53:16'),
(910, 1, 25, 228, 'Lorenz Bode MD', 'mckenzie.rosamond@example.com', '2022-02-03 01:53:16', '2022-02-03 01:53:16'),
(911, 2, 74, 138, 'Tristin Walker PhD', 'evangeline92@example.org', '2022-02-03 01:53:16', '2022-02-03 01:53:16'),
(912, 3, 18, 158, 'Lola Zulauf', 'grant.genevieve@example.org', '2022-02-03 01:53:16', '2022-02-03 01:53:16'),
(913, 1, 25, 269, 'Mr. Zachery Bergstrom', 'hlittel@example.com', '2022-02-03 01:53:16', '2022-02-03 01:53:16'),
(914, 3, 17, 299, 'Royal Crist', 'pacocha.jewell@example.net', '2022-02-03 01:53:16', '2022-02-03 01:53:16'),
(915, 3, 42, 53, 'Juliana Parisian', 'xblanda@example.com', '2022-02-03 01:53:16', '2022-02-03 01:53:16');
INSERT INTO `employees` (`id`, `country_id`, `city_id`, `shop_id`, `employee_name`, `emp_email`, `created_at`, `updated_at`) VALUES
(916, 3, 70, 272, 'Ludwig Price', 'brekke.lonny@example.org', '2022-02-03 01:53:16', '2022-02-03 01:53:16'),
(917, 3, 27, 265, 'Mckenzie Klocko Sr.', 'greenholt.saige@example.org', '2022-02-03 01:53:16', '2022-02-03 01:53:16'),
(918, 2, 54, 162, 'Kaley Hirthe', 'hettie66@example.org', '2022-02-03 01:53:16', '2022-02-03 01:53:16'),
(919, 2, 21, 26, 'Rahsaan Little', 'stanton38@example.com', '2022-02-03 01:53:16', '2022-02-03 01:53:16'),
(920, 1, 50, 237, 'Carmel O\'Keefe', 'litzy72@example.com', '2022-02-03 01:53:16', '2022-02-03 01:53:16'),
(921, 1, 2, 247, 'Jerry Buckridge', 'harber.missouri@example.net', '2022-02-03 01:53:16', '2022-02-03 01:53:16'),
(922, 4, 75, 100, 'Randal Dooley', 'nikki60@example.net', '2022-02-03 01:53:16', '2022-02-03 01:53:16'),
(923, 2, 25, 286, 'Leta Legros III', 'raoul.von@example.com', '2022-02-03 01:53:16', '2022-02-03 01:53:16'),
(924, 2, 34, 40, 'Mr. Dalton Wyman Jr.', 'betsy.gleichner@example.org', '2022-02-03 01:53:16', '2022-02-03 01:53:16'),
(925, 2, 73, 34, 'Jacky Pagac', 'borer.lucious@example.com', '2022-02-03 01:53:16', '2022-02-03 01:53:16'),
(926, 3, 15, 52, 'Chester Nader', 'douglas.lucy@example.com', '2022-02-03 01:53:16', '2022-02-03 01:53:16'),
(927, 3, 26, 264, 'Cletus Kunde', 'eeichmann@example.org', '2022-02-03 01:53:16', '2022-02-03 01:53:16'),
(928, 2, 29, 99, 'Anika Johnston', 'borer.golden@example.org', '2022-02-03 01:53:16', '2022-02-03 01:53:16'),
(929, 4, 7, 2, 'Dr. Gilberto Deckow', 'jakubowski.madisyn@example.net', '2022-02-03 01:53:16', '2022-02-03 01:53:16'),
(930, 3, 26, 270, 'Henry Frami', 'sreynolds@example.com', '2022-02-03 01:53:16', '2022-02-03 01:53:16'),
(931, 2, 62, 49, 'Ms. Karlee McGlynn Jr.', 'shanelle89@example.net', '2022-02-03 01:53:16', '2022-02-03 01:53:16'),
(932, 3, 13, 179, 'Prof. Reed Friesen V', 'runolfsdottir.margarete@example.net', '2022-02-03 01:53:16', '2022-02-03 01:53:16'),
(933, 2, 8, 185, 'Dr. Tiffany Gorczany III', 'robb.brekke@example.org', '2022-02-03 01:53:16', '2022-02-03 01:53:16'),
(934, 1, 96, 61, 'Ocie McGlynn', 'ijenkins@example.com', '2022-02-03 01:53:16', '2022-02-03 01:53:16'),
(935, 3, 15, 112, 'Robyn Larkin', 'bertha.kuhic@example.net', '2022-02-03 01:53:16', '2022-02-03 01:53:16'),
(936, 2, 98, 297, 'Harley Hahn', 'abernathy.destin@example.org', '2022-02-03 01:53:16', '2022-02-03 01:53:16'),
(937, 2, 44, 26, 'Adrien Mann', 'karolann77@example.net', '2022-02-03 01:53:16', '2022-02-03 01:53:16'),
(938, 3, 20, 203, 'Prof. Ransom Hettinger IV', 'alexane.kulas@example.net', '2022-02-03 01:53:16', '2022-02-03 01:53:16'),
(939, 4, 84, 190, 'Ludie Harber Sr.', 'funk.holden@example.net', '2022-02-03 01:53:16', '2022-02-03 01:53:16'),
(940, 2, 39, 202, 'Mr. Eldon Conroy II', 'jon11@example.net', '2022-02-03 01:53:16', '2022-02-03 01:53:16'),
(941, 3, 24, 111, 'Julianne Gutmann', 'marques.rosenbaum@example.net', '2022-02-03 01:53:16', '2022-02-03 01:53:16'),
(942, 1, 25, 23, 'Prof. Armando O\'Reilly V', 'hoeger.kane@example.com', '2022-02-03 01:53:16', '2022-02-03 01:53:16'),
(943, 4, 68, 284, 'Prof. Jeanne Bosco', 'irma67@example.com', '2022-02-03 01:53:16', '2022-02-03 01:53:16'),
(944, 2, 26, 60, 'Dr. Amara Hagenes DDS', 'wolf.jany@example.com', '2022-02-03 01:53:16', '2022-02-03 01:53:16'),
(945, 4, 9, 193, 'Lora Weimann', 'clemens13@example.org', '2022-02-03 01:53:16', '2022-02-03 01:53:16'),
(946, 3, 82, 184, 'Reginald Koepp IV', 'torrey39@example.net', '2022-02-03 01:53:16', '2022-02-03 01:53:16'),
(947, 3, 40, 233, 'Heath Shields', 'morissette.hailey@example.net', '2022-02-03 01:53:16', '2022-02-03 01:53:16'),
(948, 4, 71, 253, 'Deondre Grady III', 'dschoen@example.org', '2022-02-03 01:53:16', '2022-02-03 01:53:16'),
(949, 2, 81, 145, 'Alejandra Funk', 'kerluke.mohamed@example.net', '2022-02-03 01:53:16', '2022-02-03 01:53:16'),
(950, 1, 55, 43, 'Dr. Kacey Beier', 'daphnee45@example.com', '2022-02-03 01:53:16', '2022-02-03 01:53:16'),
(951, 3, 36, 94, 'Marlen Davis', 'isaac.balistreri@example.org', '2022-02-03 01:53:16', '2022-02-03 01:53:16'),
(952, 4, 22, 129, 'Clemmie Wintheiser', 'rolfson.dorthy@example.org', '2022-02-03 01:53:16', '2022-02-03 01:53:16'),
(953, 4, 34, 120, 'Mr. Bradley Koelpin DDS', 'mariela16@example.net', '2022-02-03 01:53:16', '2022-02-03 01:53:16'),
(954, 4, 48, 24, 'Dr. Dino Harber I', 'vcasper@example.com', '2022-02-03 01:53:16', '2022-02-03 01:53:16'),
(955, 3, 49, 167, 'Nella Bernier', 'ernie.larson@example.net', '2022-02-03 01:53:16', '2022-02-03 01:53:16'),
(956, 3, 52, 290, 'Prof. Winfield Ferry', 'kristy88@example.net', '2022-02-03 01:53:16', '2022-02-03 01:53:16'),
(957, 2, 1, 260, 'Prof. Candace Maggio', 'fabiola.lind@example.com', '2022-02-03 01:53:16', '2022-02-03 01:53:16'),
(958, 4, 71, 195, 'Tillman Koelpin', 'abigail.schoen@example.net', '2022-02-03 01:53:16', '2022-02-03 01:53:16'),
(959, 4, 38, 69, 'Kenyatta Metz', 'mylene.blanda@example.com', '2022-02-03 01:53:16', '2022-02-03 01:53:16'),
(960, 3, 16, 153, 'Zelma Hilpert DVM', 'vstanton@example.net', '2022-02-03 01:53:16', '2022-02-03 01:53:16'),
(961, 1, 16, 138, 'Helmer Fay', 'gillian22@example.net', '2022-02-03 01:53:16', '2022-02-03 01:53:16'),
(962, 3, 12, 31, 'Katrina Farrell', 'chaz94@example.org', '2022-02-03 01:53:16', '2022-02-03 01:53:16'),
(963, 4, 80, 256, 'Conrad Quigley', 'lisette24@example.org', '2022-02-03 01:53:16', '2022-02-03 01:53:16'),
(964, 4, 97, 145, 'Trent Parker MD', 'baby.walker@example.net', '2022-02-03 01:53:16', '2022-02-03 01:53:16'),
(965, 1, 63, 179, 'Dr. Kiara Bernier Jr.', 'runolfsdottir.bertrand@example.com', '2022-02-03 01:53:16', '2022-02-03 01:53:16'),
(966, 4, 72, 100, 'Winifred Dickens', 'yasmin.graham@example.org', '2022-02-03 01:53:16', '2022-02-03 01:53:16'),
(967, 4, 50, 169, 'Camden Haag', 'beatty.desmond@example.net', '2022-02-03 01:53:16', '2022-02-03 01:53:16'),
(968, 1, 31, 225, 'Yesenia Kessler DVM', 'ricky.vandervort@example.net', '2022-02-03 01:53:16', '2022-02-03 01:53:16'),
(969, 1, 11, 27, 'Ms. Eryn Mitchell PhD', 'vmarks@example.net', '2022-02-03 01:53:16', '2022-02-03 01:53:16'),
(970, 2, 58, 223, 'Mrs. Meredith King DDS', 'river.sipes@example.net', '2022-02-03 01:53:16', '2022-02-03 01:53:16'),
(971, 2, 2, 132, 'Riley Kohler', 'janet98@example.net', '2022-02-03 01:53:16', '2022-02-03 01:53:16'),
(972, 1, 29, 99, 'Dr. Hunter Adams DDS', 'haley66@example.org', '2022-02-03 01:53:16', '2022-02-03 01:53:16'),
(973, 2, 62, 60, 'Mr. Wyatt Kunze I', 'gwen.senger@example.org', '2022-02-03 01:53:16', '2022-02-03 01:53:16'),
(974, 4, 5, 223, 'Brook Schmidt Jr.', 'elbert04@example.com', '2022-02-03 01:53:16', '2022-02-03 01:53:16'),
(975, 3, 52, 177, 'Talon Hettinger Sr.', 'brandi.botsford@example.org', '2022-02-03 01:53:16', '2022-02-03 01:53:16'),
(976, 2, 1, 247, 'Prof. Orin Stoltenberg', 'thill@example.org', '2022-02-03 01:53:16', '2022-02-03 01:53:16'),
(977, 2, 13, 189, 'Zachary Fadel', 'zoe67@example.net', '2022-02-03 01:53:16', '2022-02-03 01:53:16'),
(978, 1, 71, 44, 'Norval Blick', 'wsauer@example.com', '2022-02-03 01:53:16', '2022-02-03 01:53:16'),
(979, 1, 68, 46, 'Geo Jakubowski', 'gloria37@example.com', '2022-02-03 01:53:16', '2022-02-03 01:53:16'),
(980, 4, 70, 165, 'Russell Morar', 'amelie95@example.com', '2022-02-03 01:53:16', '2022-02-03 01:53:16'),
(981, 3, 86, 261, 'Dr. Mohammed Koepp', 'xromaguera@example.org', '2022-02-03 01:53:16', '2022-02-03 01:53:16'),
(982, 3, 50, 67, 'Josefa Hahn V', 'emmitt04@example.org', '2022-02-03 01:53:16', '2022-02-03 01:53:16'),
(983, 3, 69, 165, 'Ms. Pasquale Little', 'xboyle@example.org', '2022-02-03 01:53:16', '2022-02-03 01:53:16'),
(984, 2, 7, 59, 'Prof. Maxie Simonis', 'evans03@example.net', '2022-02-03 01:53:16', '2022-02-03 01:53:16'),
(985, 4, 12, 53, 'Prof. Kendall Hilpert V', 'corwin.dessie@example.net', '2022-02-03 01:53:16', '2022-02-03 01:53:16'),
(986, 3, 15, 220, 'Damaris Vandervort', 'frankie44@example.org', '2022-02-03 01:53:16', '2022-02-03 01:53:16'),
(987, 1, 47, 282, 'Karen Gutkowski', 'paxton92@example.org', '2022-02-03 01:53:16', '2022-02-03 01:53:16'),
(988, 4, 68, 227, 'Howell Cormier IV', 'savannah.anderson@example.org', '2022-02-03 01:53:16', '2022-02-03 01:53:16'),
(989, 1, 59, 57, 'Jamil Reinger Sr.', 'yasmine21@example.org', '2022-02-03 01:53:16', '2022-02-03 01:53:16'),
(990, 4, 48, 246, 'Lucienne Williamson', 'samantha53@example.com', '2022-02-03 01:53:16', '2022-02-03 01:53:16'),
(991, 4, 31, 115, 'Prof. Alex Lebsack MD', 'bmonahan@example.com', '2022-02-03 01:53:16', '2022-02-03 01:53:16'),
(992, 2, 32, 262, 'Melody Barton', 'collins.mariana@example.com', '2022-02-03 01:53:16', '2022-02-03 01:53:16'),
(993, 3, 96, 111, 'Miss Kira Streich Sr.', 'sam.senger@example.net', '2022-02-03 01:53:16', '2022-02-03 01:53:16'),
(994, 1, 85, 125, 'Friedrich Kuhlman', 'stokes.lora@example.net', '2022-02-03 01:53:16', '2022-02-03 01:53:16'),
(995, 1, 71, 246, 'Prof. Titus Blick DDS', 'curt66@example.org', '2022-02-03 01:53:16', '2022-02-03 01:53:16'),
(996, 1, 43, 193, 'Mrs. Elisha Heidenreich Sr.', 'elueilwitz@example.org', '2022-02-03 01:53:16', '2022-02-03 01:53:16'),
(997, 3, 86, 169, 'Maye Botsford', 'koepp.destiny@example.org', '2022-02-03 01:53:16', '2022-02-03 01:53:16'),
(998, 1, 67, 119, 'Ella Wehner', 'kale.schmidt@example.org', '2022-02-03 01:53:16', '2022-02-03 01:53:16'),
(999, 4, 3, 119, 'Calista Hilpert', 'torphy.victor@example.com', '2022-02-03 01:53:16', '2022-02-03 01:53:16'),
(1000, 4, 7, 209, 'Prof. Gonzalo Stehr IV', 'catharine69@example.org', '2022-02-03 01:53:16', '2022-02-03 01:53:16');

-- --------------------------------------------------------

--
-- Table structure for table `failed_jobs`
--

CREATE TABLE `failed_jobs` (
  `id` bigint(20) UNSIGNED NOT NULL,
  `uuid` varchar(255) COLLATE utf8mb4_unicode_ci NOT NULL,
  `connection` text COLLATE utf8mb4_unicode_ci NOT NULL,
  `queue` text COLLATE utf8mb4_unicode_ci NOT NULL,
  `payload` longtext COLLATE utf8mb4_unicode_ci NOT NULL,
  `exception` longtext COLLATE utf8mb4_unicode_ci NOT NULL,
  `failed_at` timestamp NOT NULL DEFAULT current_timestamp()
) ENGINE=InnoDB DEFAULT CHARSET=utf8mb4 COLLATE=utf8mb4_unicode_ci;

-- --------------------------------------------------------

--
-- Table structure for table `migrations`
--

CREATE TABLE `migrations` (
  `id` int(10) UNSIGNED NOT NULL,
  `migration` varchar(255) COLLATE utf8mb4_unicode_ci NOT NULL,
  `batch` int(11) NOT NULL
) ENGINE=InnoDB DEFAULT CHARSET=utf8mb4 COLLATE=utf8mb4_unicode_ci;

--
-- Dumping data for table `migrations`
--

INSERT INTO `migrations` (`id`, `migration`, `batch`) VALUES
(1, '2014_10_12_000000_create_users_table', 1),
(2, '2014_10_12_100000_create_password_resets_table', 1),
(3, '2019_08_19_000000_create_failed_jobs_table', 1),
(4, '2019_12_14_000001_create_personal_access_tokens_table', 1),
(5, '2022_02_03_062704_create_countries_table', 2),
(6, '2022_02_03_062847_create_cities_table', 2),
(7, '2022_02_03_062938_create_shops_table', 2),
(8, '2022_02_03_063222_create_employees_table', 2),
(10, '2022_02_03_071827_add_emp_email_employee_table', 3);

-- --------------------------------------------------------

--
-- Table structure for table `password_resets`
--

CREATE TABLE `password_resets` (
  `email` varchar(255) COLLATE utf8mb4_unicode_ci NOT NULL,
  `token` varchar(255) COLLATE utf8mb4_unicode_ci NOT NULL,
  `created_at` timestamp NULL DEFAULT NULL
) ENGINE=InnoDB DEFAULT CHARSET=utf8mb4 COLLATE=utf8mb4_unicode_ci;

-- --------------------------------------------------------

--
-- Table structure for table `personal_access_tokens`
--

CREATE TABLE `personal_access_tokens` (
  `id` bigint(20) UNSIGNED NOT NULL,
  `tokenable_type` varchar(255) COLLATE utf8mb4_unicode_ci NOT NULL,
  `tokenable_id` bigint(20) UNSIGNED NOT NULL,
  `name` varchar(255) COLLATE utf8mb4_unicode_ci NOT NULL,
  `token` varchar(64) COLLATE utf8mb4_unicode_ci NOT NULL,
  `abilities` text COLLATE utf8mb4_unicode_ci DEFAULT NULL,
  `last_used_at` timestamp NULL DEFAULT NULL,
  `created_at` timestamp NULL DEFAULT NULL,
  `updated_at` timestamp NULL DEFAULT NULL
) ENGINE=InnoDB DEFAULT CHARSET=utf8mb4 COLLATE=utf8mb4_unicode_ci;

-- --------------------------------------------------------

--
-- Table structure for table `shops`
--

CREATE TABLE `shops` (
  `id` bigint(20) UNSIGNED NOT NULL,
  `country_id` bigint(20) UNSIGNED NOT NULL,
  `city_id` bigint(20) UNSIGNED NOT NULL,
  `shop_name` varchar(255) COLLATE utf8mb4_unicode_ci NOT NULL,
  `created_at` timestamp NULL DEFAULT NULL,
  `updated_at` timestamp NULL DEFAULT NULL
) ENGINE=InnoDB DEFAULT CHARSET=utf8mb4 COLLATE=utf8mb4_unicode_ci;

--
-- Dumping data for table `shops`
--

INSERT INTO `shops` (`id`, `country_id`, `city_id`, `shop_name`, `created_at`, `updated_at`) VALUES
(1, 4, 58, 'Richmond Johnston IV', '2022-02-03 01:45:06', '2022-02-03 01:45:06'),
(2, 3, 69, 'Drew Streich', '2022-02-03 01:45:06', '2022-02-03 01:45:06'),
(3, 4, 18, 'Garland Kihn IV', '2022-02-03 01:45:06', '2022-02-03 01:45:06'),
(4, 2, 22, 'Dr. Pansy Franecki', '2022-02-03 01:45:06', '2022-02-03 01:45:06'),
(5, 2, 58, 'Dr. Precious Green IV', '2022-02-03 01:45:06', '2022-02-03 01:45:06'),
(6, 1, 51, 'Mac Runolfsdottir', '2022-02-03 01:45:06', '2022-02-03 01:45:06'),
(7, 4, 43, 'Emerald O\'Hara', '2022-02-03 01:45:06', '2022-02-03 01:45:06'),
(8, 4, 75, 'Waylon Zboncak', '2022-02-03 01:45:06', '2022-02-03 01:45:06'),
(9, 1, 12, 'Scot Stracke', '2022-02-03 01:45:06', '2022-02-03 01:45:06'),
(10, 3, 15, 'Georgianna Hills DDS', '2022-02-03 01:45:06', '2022-02-03 01:45:06'),
(11, 2, 5, 'Linda Will', '2022-02-03 01:45:06', '2022-02-03 01:45:06'),
(12, 1, 73, 'Miss Summer McCullough III', '2022-02-03 01:45:06', '2022-02-03 01:45:06'),
(13, 1, 24, 'Lafayette Graham', '2022-02-03 01:45:06', '2022-02-03 01:45:06'),
(14, 4, 69, 'Jacey Heathcote', '2022-02-03 01:45:06', '2022-02-03 01:45:06'),
(15, 4, 97, 'Mr. Candelario Wehner', '2022-02-03 01:45:06', '2022-02-03 01:45:06'),
(16, 3, 45, 'Ellie Sporer', '2022-02-03 01:45:06', '2022-02-03 01:45:06'),
(17, 1, 53, 'Prof. Tyree Maggio', '2022-02-03 01:45:06', '2022-02-03 01:45:06'),
(18, 4, 69, 'Vernice Boyer', '2022-02-03 01:45:06', '2022-02-03 01:45:06'),
(19, 3, 80, 'Haylie Ward', '2022-02-03 01:45:06', '2022-02-03 01:45:06'),
(20, 3, 16, 'Oswald Lockman', '2022-02-03 01:45:06', '2022-02-03 01:45:06'),
(21, 2, 59, 'Alexie Ziemann', '2022-02-03 01:45:06', '2022-02-03 01:45:06'),
(22, 1, 98, 'Miss Kaelyn Barrows DDS', '2022-02-03 01:45:06', '2022-02-03 01:45:06'),
(23, 2, 75, 'Prof. Jamaal Zboncak', '2022-02-03 01:45:06', '2022-02-03 01:45:06'),
(24, 2, 26, 'Jaron Mante V', '2022-02-03 01:45:06', '2022-02-03 01:45:06'),
(25, 2, 30, 'Isom Bartoletti', '2022-02-03 01:45:06', '2022-02-03 01:45:06'),
(26, 1, 32, 'Hank Padberg', '2022-02-03 01:45:06', '2022-02-03 01:45:06'),
(27, 1, 27, 'Birdie Gleichner', '2022-02-03 01:45:06', '2022-02-03 01:45:06'),
(28, 3, 30, 'Miss Luisa Kohler III', '2022-02-03 01:45:06', '2022-02-03 01:45:06'),
(29, 2, 87, 'Blair Schowalter', '2022-02-03 01:45:06', '2022-02-03 01:45:06'),
(30, 4, 50, 'Owen Ritchie', '2022-02-03 01:45:06', '2022-02-03 01:45:06'),
(31, 2, 2, 'Tiffany Lueilwitz', '2022-02-03 01:45:06', '2022-02-03 01:45:06'),
(32, 2, 58, 'Otilia Simonis Jr.', '2022-02-03 01:45:06', '2022-02-03 01:45:06'),
(33, 3, 82, 'Hope Gutmann', '2022-02-03 01:45:06', '2022-02-03 01:45:06'),
(34, 2, 64, 'Prof. Trent Bradtke IV', '2022-02-03 01:45:06', '2022-02-03 01:45:06'),
(35, 3, 21, 'Gaetano Stanton', '2022-02-03 01:45:06', '2022-02-03 01:45:06'),
(36, 2, 45, 'Jarrod Christiansen DDS', '2022-02-03 01:45:06', '2022-02-03 01:45:06'),
(37, 3, 57, 'Dr. Halie Metz', '2022-02-03 01:45:06', '2022-02-03 01:45:06'),
(38, 4, 8, 'Rozella Larkin', '2022-02-03 01:45:06', '2022-02-03 01:45:06'),
(39, 1, 38, 'Zack Barrows', '2022-02-03 01:45:06', '2022-02-03 01:45:06'),
(40, 4, 20, 'Bud Goldner', '2022-02-03 01:45:06', '2022-02-03 01:45:06'),
(41, 1, 38, 'Dr. Nyah Ratke PhD', '2022-02-03 01:45:06', '2022-02-03 01:45:06'),
(42, 2, 60, 'Dr. Ethan Armstrong PhD', '2022-02-03 01:45:06', '2022-02-03 01:45:06'),
(43, 4, 7, 'Mr. Matteo McCullough II', '2022-02-03 01:45:06', '2022-02-03 01:45:06'),
(44, 3, 20, 'Macy Rippin', '2022-02-03 01:45:06', '2022-02-03 01:45:06'),
(45, 3, 84, 'Ms. Keely Jones DVM', '2022-02-03 01:45:06', '2022-02-03 01:45:06'),
(46, 4, 21, 'Ransom Bogisich', '2022-02-03 01:45:06', '2022-02-03 01:45:06'),
(47, 2, 37, 'Mrs. Kasey Schamberger V', '2022-02-03 01:45:06', '2022-02-03 01:45:06'),
(48, 1, 91, 'Estevan White Jr.', '2022-02-03 01:45:06', '2022-02-03 01:45:06'),
(49, 1, 29, 'Prof. Tyler Ledner', '2022-02-03 01:45:06', '2022-02-03 01:45:06'),
(50, 1, 64, 'Taylor Rohan I', '2022-02-03 01:45:06', '2022-02-03 01:45:06'),
(51, 2, 93, 'Prof. Coy Trantow', '2022-02-03 01:45:06', '2022-02-03 01:45:06'),
(52, 1, 45, 'Noel Reichert', '2022-02-03 01:45:06', '2022-02-03 01:45:06'),
(53, 2, 37, 'Kaitlyn Boyle DDS', '2022-02-03 01:45:06', '2022-02-03 01:45:06'),
(54, 1, 66, 'Dr. Eliezer Welch DDS', '2022-02-03 01:45:06', '2022-02-03 01:45:06'),
(55, 1, 77, 'Sabina Will II', '2022-02-03 01:45:06', '2022-02-03 01:45:06'),
(56, 4, 63, 'Dina Fisher', '2022-02-03 01:45:06', '2022-02-03 01:45:06'),
(57, 2, 45, 'Giovanni Champlin', '2022-02-03 01:45:06', '2022-02-03 01:45:06'),
(58, 4, 69, 'Alfred Bruen', '2022-02-03 01:45:06', '2022-02-03 01:45:06'),
(59, 2, 84, 'Prof. Angelina Daniel', '2022-02-03 01:45:06', '2022-02-03 01:45:06'),
(60, 1, 55, 'Neil Ruecker', '2022-02-03 01:45:06', '2022-02-03 01:45:06'),
(61, 4, 62, 'Katelin Prohaska', '2022-02-03 01:45:06', '2022-02-03 01:45:06'),
(62, 2, 17, 'Anissa O\'Connell I', '2022-02-03 01:45:06', '2022-02-03 01:45:06'),
(63, 2, 42, 'Giovani Parisian', '2022-02-03 01:45:06', '2022-02-03 01:45:06'),
(64, 1, 7, 'Jarret Hintz', '2022-02-03 01:45:06', '2022-02-03 01:45:06'),
(65, 1, 39, 'Mr. Nicholaus Heathcote III', '2022-02-03 01:45:06', '2022-02-03 01:45:06'),
(66, 1, 66, 'Dolores Friesen IV', '2022-02-03 01:45:06', '2022-02-03 01:45:06'),
(67, 2, 16, 'Edwin Crist', '2022-02-03 01:45:06', '2022-02-03 01:45:06'),
(68, 2, 74, 'Mia Dickinson', '2022-02-03 01:45:06', '2022-02-03 01:45:06'),
(69, 2, 59, 'Gerhard Keebler', '2022-02-03 01:45:06', '2022-02-03 01:45:06'),
(70, 2, 54, 'Dr. Watson Kiehn MD', '2022-02-03 01:45:06', '2022-02-03 01:45:06'),
(71, 1, 53, 'Maria Wyman MD', '2022-02-03 01:45:06', '2022-02-03 01:45:06'),
(72, 3, 91, 'Dashawn Murray II', '2022-02-03 01:45:06', '2022-02-03 01:45:06'),
(73, 4, 89, 'Lula Brown', '2022-02-03 01:45:06', '2022-02-03 01:45:06'),
(74, 4, 49, 'Caleigh Hyatt', '2022-02-03 01:45:06', '2022-02-03 01:45:06'),
(75, 2, 25, 'Zetta Larson', '2022-02-03 01:45:06', '2022-02-03 01:45:06'),
(76, 3, 61, 'Mr. Pablo Hartmann', '2022-02-03 01:45:06', '2022-02-03 01:45:06'),
(77, 2, 70, 'Vickie Gerlach Sr.', '2022-02-03 01:45:06', '2022-02-03 01:45:06'),
(78, 1, 76, 'Mr. Garnet Erdman', '2022-02-03 01:45:06', '2022-02-03 01:45:06'),
(79, 1, 81, 'Joyce Nienow I', '2022-02-03 01:45:06', '2022-02-03 01:45:06'),
(80, 3, 4, 'Beulah Hettinger', '2022-02-03 01:45:06', '2022-02-03 01:45:06'),
(81, 2, 13, 'Keely Denesik', '2022-02-03 01:45:06', '2022-02-03 01:45:06'),
(82, 2, 13, 'Jimmie Runolfsdottir', '2022-02-03 01:45:06', '2022-02-03 01:45:06'),
(83, 2, 66, 'Jadon Cruickshank Jr.', '2022-02-03 01:45:06', '2022-02-03 01:45:06'),
(84, 4, 80, 'Prof. Fabian Purdy', '2022-02-03 01:45:06', '2022-02-03 01:45:06'),
(85, 4, 45, 'Jacinthe McGlynn', '2022-02-03 01:45:06', '2022-02-03 01:45:06'),
(86, 3, 53, 'Kathleen Rippin', '2022-02-03 01:45:06', '2022-02-03 01:45:06'),
(87, 1, 100, 'Alvena Murazik Jr.', '2022-02-03 01:45:06', '2022-02-03 01:45:06'),
(88, 1, 96, 'Prof. Abdullah Kshlerin I', '2022-02-03 01:45:06', '2022-02-03 01:45:06'),
(89, 1, 50, 'Orville Lemke', '2022-02-03 01:45:06', '2022-02-03 01:45:06'),
(90, 3, 82, 'Emery Schneider', '2022-02-03 01:45:06', '2022-02-03 01:45:06'),
(91, 1, 85, 'Kirsten Gerlach', '2022-02-03 01:45:06', '2022-02-03 01:45:06'),
(92, 3, 19, 'Dr. Dayana Morissette', '2022-02-03 01:45:06', '2022-02-03 01:45:06'),
(93, 4, 7, 'Merlin Klocko V', '2022-02-03 01:45:06', '2022-02-03 01:45:06'),
(94, 2, 71, 'Antonia Wyman DDS', '2022-02-03 01:45:06', '2022-02-03 01:45:06'),
(95, 3, 61, 'Martine Wyman', '2022-02-03 01:45:06', '2022-02-03 01:45:06'),
(96, 4, 94, 'Estell Jacobson', '2022-02-03 01:45:06', '2022-02-03 01:45:06'),
(97, 4, 39, 'Dr. Robbie Abernathy II', '2022-02-03 01:45:06', '2022-02-03 01:45:06'),
(98, 3, 23, 'Carmella Erdman', '2022-02-03 01:45:06', '2022-02-03 01:45:06'),
(99, 1, 67, 'Mrs. Maiya Stark I', '2022-02-03 01:45:06', '2022-02-03 01:45:06'),
(100, 1, 67, 'Prof. Astrid Goldner Jr.', '2022-02-03 01:45:06', '2022-02-03 01:45:06'),
(101, 3, 29, 'Fleta Nicolas', '2022-02-03 01:45:06', '2022-02-03 01:45:06'),
(102, 1, 56, 'Heidi Turner', '2022-02-03 01:45:06', '2022-02-03 01:45:06'),
(103, 3, 20, 'Monte Kemmer DVM', '2022-02-03 01:45:06', '2022-02-03 01:45:06'),
(104, 2, 69, 'Judah Upton DVM', '2022-02-03 01:45:06', '2022-02-03 01:45:06'),
(105, 4, 24, 'Manley Herman', '2022-02-03 01:45:06', '2022-02-03 01:45:06'),
(106, 1, 95, 'Dr. Gerardo Roberts', '2022-02-03 01:45:06', '2022-02-03 01:45:06'),
(107, 1, 43, 'Miss Dahlia Senger', '2022-02-03 01:45:06', '2022-02-03 01:45:06'),
(108, 1, 24, 'Victoria Boyle', '2022-02-03 01:45:06', '2022-02-03 01:45:06'),
(109, 1, 81, 'Prof. Kasandra Dicki', '2022-02-03 01:45:06', '2022-02-03 01:45:06'),
(110, 4, 50, 'Brittany Gislason', '2022-02-03 01:45:06', '2022-02-03 01:45:06'),
(111, 4, 50, 'Ramon Cole', '2022-02-03 01:45:06', '2022-02-03 01:45:06'),
(112, 1, 92, 'Dr. Nathanial Parisian Jr.', '2022-02-03 01:45:06', '2022-02-03 01:45:06'),
(113, 1, 66, 'Mr. Evert Morissette Sr.', '2022-02-03 01:45:06', '2022-02-03 01:45:06'),
(114, 3, 94, 'Prof. Eryn McCullough II', '2022-02-03 01:45:06', '2022-02-03 01:45:06'),
(115, 4, 55, 'Duane Schmitt II', '2022-02-03 01:45:06', '2022-02-03 01:45:06'),
(116, 3, 22, 'Audreanne O\'Reilly', '2022-02-03 01:45:06', '2022-02-03 01:45:06'),
(117, 4, 99, 'Jedediah Cruickshank IV', '2022-02-03 01:45:06', '2022-02-03 01:45:06'),
(118, 1, 86, 'Linda Hackett', '2022-02-03 01:45:06', '2022-02-03 01:45:06'),
(119, 4, 4, 'Sammy Stracke', '2022-02-03 01:45:06', '2022-02-03 01:45:06'),
(120, 1, 6, 'Prof. Delbert Bartell', '2022-02-03 01:45:06', '2022-02-03 01:45:06'),
(121, 1, 62, 'Noemy Emard', '2022-02-03 01:45:06', '2022-02-03 01:45:06'),
(122, 1, 1, 'Prof. Helene Hettinger', '2022-02-03 01:45:06', '2022-02-03 01:45:06'),
(123, 2, 22, 'Miss Ivy Smith DVM', '2022-02-03 01:45:06', '2022-02-03 01:45:06'),
(124, 1, 95, 'Nora Koss', '2022-02-03 01:45:06', '2022-02-03 01:45:06'),
(125, 2, 39, 'Luigi Funk', '2022-02-03 01:45:06', '2022-02-03 01:45:06'),
(126, 1, 69, 'Allen Gerlach', '2022-02-03 01:45:06', '2022-02-03 01:45:06'),
(127, 1, 12, 'Susanna Kertzmann', '2022-02-03 01:45:06', '2022-02-03 01:45:06'),
(128, 4, 26, 'Alvis Strosin', '2022-02-03 01:45:06', '2022-02-03 01:45:06'),
(129, 4, 22, 'Eulah Becker', '2022-02-03 01:45:06', '2022-02-03 01:45:06'),
(130, 2, 46, 'Everardo Rowe', '2022-02-03 01:45:06', '2022-02-03 01:45:06'),
(131, 4, 59, 'Fanny Harris', '2022-02-03 01:45:06', '2022-02-03 01:45:06'),
(132, 4, 59, 'Casandra Walter', '2022-02-03 01:45:06', '2022-02-03 01:45:06'),
(133, 3, 33, 'Mrs. Alicia Cartwright', '2022-02-03 01:45:06', '2022-02-03 01:45:06'),
(134, 2, 60, 'Dr. Kristian Kunze', '2022-02-03 01:45:06', '2022-02-03 01:45:06'),
(135, 3, 44, 'Francesco Ryan PhD', '2022-02-03 01:45:06', '2022-02-03 01:45:06'),
(136, 2, 23, 'Elenora Heathcote MD', '2022-02-03 01:45:06', '2022-02-03 01:45:06'),
(137, 4, 62, 'Marquise Heller', '2022-02-03 01:45:06', '2022-02-03 01:45:06'),
(138, 4, 13, 'Savannah Sauer', '2022-02-03 01:45:06', '2022-02-03 01:45:06'),
(139, 2, 55, 'Damion Wiegand', '2022-02-03 01:45:06', '2022-02-03 01:45:06'),
(140, 2, 37, 'Dr. Providenci Bosco', '2022-02-03 01:45:06', '2022-02-03 01:45:06'),
(141, 3, 6, 'Rachelle Gutkowski', '2022-02-03 01:45:06', '2022-02-03 01:45:06'),
(142, 4, 29, 'Kristian Kuhn', '2022-02-03 01:45:06', '2022-02-03 01:45:06'),
(143, 1, 77, 'Mrs. Amie Gottlieb', '2022-02-03 01:45:06', '2022-02-03 01:45:06'),
(144, 3, 96, 'Mr. Chesley Mayert', '2022-02-03 01:45:06', '2022-02-03 01:45:06'),
(145, 3, 86, 'Marta Mueller', '2022-02-03 01:45:06', '2022-02-03 01:45:06'),
(146, 2, 34, 'Dr. Vaughn Lynch', '2022-02-03 01:45:06', '2022-02-03 01:45:06'),
(147, 1, 2, 'Audra Sipes', '2022-02-03 01:45:06', '2022-02-03 01:45:06'),
(148, 3, 47, 'August Gorczany', '2022-02-03 01:45:06', '2022-02-03 01:45:06'),
(149, 2, 60, 'Rashad Tremblay', '2022-02-03 01:45:06', '2022-02-03 01:45:06'),
(150, 4, 74, 'Vern Ruecker', '2022-02-03 01:45:06', '2022-02-03 01:45:06'),
(151, 1, 53, 'Thelma Gusikowski', '2022-02-03 01:45:06', '2022-02-03 01:45:06'),
(152, 3, 13, 'Mose Lindgren', '2022-02-03 01:45:06', '2022-02-03 01:45:06'),
(153, 1, 22, 'Dino Hodkiewicz', '2022-02-03 01:45:06', '2022-02-03 01:45:06'),
(154, 3, 58, 'Jedidiah Lehner', '2022-02-03 01:45:06', '2022-02-03 01:45:06'),
(155, 1, 79, 'Dr. Kurtis Stark', '2022-02-03 01:45:06', '2022-02-03 01:45:06'),
(156, 4, 36, 'Dion Lowe', '2022-02-03 01:45:06', '2022-02-03 01:45:06'),
(157, 4, 66, 'Keegan Klocko', '2022-02-03 01:45:06', '2022-02-03 01:45:06'),
(158, 2, 55, 'Adam Auer', '2022-02-03 01:45:06', '2022-02-03 01:45:06'),
(159, 3, 57, 'Mr. Emilio Welch', '2022-02-03 01:45:06', '2022-02-03 01:45:06'),
(160, 4, 62, 'Fern Will', '2022-02-03 01:45:06', '2022-02-03 01:45:06'),
(161, 3, 97, 'Marcelo Larson', '2022-02-03 01:45:06', '2022-02-03 01:45:06'),
(162, 1, 41, 'Ms. Magali Marvin', '2022-02-03 01:45:06', '2022-02-03 01:45:06'),
(163, 3, 89, 'Helen White', '2022-02-03 01:45:06', '2022-02-03 01:45:06'),
(164, 2, 38, 'Miss Caterina West V', '2022-02-03 01:45:06', '2022-02-03 01:45:06'),
(165, 4, 44, 'Makayla Prosacco', '2022-02-03 01:45:06', '2022-02-03 01:45:06'),
(166, 2, 37, 'Katharina Lueilwitz', '2022-02-03 01:45:06', '2022-02-03 01:45:06'),
(167, 4, 86, 'Eleanora Kulas', '2022-02-03 01:45:06', '2022-02-03 01:45:06'),
(168, 1, 13, 'Else Von', '2022-02-03 01:45:06', '2022-02-03 01:45:06'),
(169, 1, 78, 'Jalyn Dooley', '2022-02-03 01:45:06', '2022-02-03 01:45:06'),
(170, 1, 60, 'Alivia McCullough', '2022-02-03 01:45:06', '2022-02-03 01:45:06'),
(171, 3, 88, 'Alvena Witting DDS', '2022-02-03 01:45:06', '2022-02-03 01:45:06'),
(172, 3, 58, 'Nakia Ledner DDS', '2022-02-03 01:45:06', '2022-02-03 01:45:06'),
(173, 2, 53, 'Thomas Bauch', '2022-02-03 01:45:07', '2022-02-03 01:45:07'),
(174, 2, 53, 'Keagan Crist', '2022-02-03 01:45:07', '2022-02-03 01:45:07'),
(175, 4, 2, 'Mr. Abdiel Padberg I', '2022-02-03 01:45:07', '2022-02-03 01:45:07'),
(176, 2, 11, 'Dr. Spencer Schaefer I', '2022-02-03 01:45:07', '2022-02-03 01:45:07'),
(177, 4, 17, 'Anastasia Luettgen', '2022-02-03 01:45:07', '2022-02-03 01:45:07'),
(178, 1, 25, 'Dianna King', '2022-02-03 01:45:07', '2022-02-03 01:45:07'),
(179, 1, 46, 'Aimee Robel', '2022-02-03 01:45:07', '2022-02-03 01:45:07'),
(180, 1, 14, 'Cara Nikolaus', '2022-02-03 01:45:07', '2022-02-03 01:45:07'),
(181, 3, 80, 'Eda Kuvalis', '2022-02-03 01:45:07', '2022-02-03 01:45:07'),
(182, 1, 14, 'Ida Becker Jr.', '2022-02-03 01:45:07', '2022-02-03 01:45:07'),
(183, 2, 53, 'Kyleigh Braun', '2022-02-03 01:45:07', '2022-02-03 01:45:07'),
(184, 3, 94, 'Sally McCullough DVM', '2022-02-03 01:45:07', '2022-02-03 01:45:07'),
(185, 3, 59, 'Freeda Graham PhD', '2022-02-03 01:45:07', '2022-02-03 01:45:07'),
(186, 2, 14, 'Dr. Lenny Funk', '2022-02-03 01:45:07', '2022-02-03 01:45:07'),
(187, 3, 25, 'Ethel Kilback DDS', '2022-02-03 01:45:07', '2022-02-03 01:45:07'),
(188, 3, 88, 'Kameron Stark', '2022-02-03 01:45:07', '2022-02-03 01:45:07'),
(189, 4, 33, 'Rebeca Morissette', '2022-02-03 01:45:07', '2022-02-03 01:45:07'),
(190, 2, 52, 'Jennings Roob', '2022-02-03 01:45:07', '2022-02-03 01:45:07'),
(191, 2, 85, 'Ulices Runte MD', '2022-02-03 01:45:07', '2022-02-03 01:45:07'),
(192, 3, 16, 'Katherine Walter', '2022-02-03 01:45:07', '2022-02-03 01:45:07'),
(193, 3, 8, 'Deangelo Leuschke', '2022-02-03 01:45:07', '2022-02-03 01:45:07'),
(194, 4, 43, 'Annamarie Jerde', '2022-02-03 01:45:07', '2022-02-03 01:45:07'),
(195, 3, 75, 'Anne Brown', '2022-02-03 01:45:07', '2022-02-03 01:45:07'),
(196, 2, 91, 'Skyla Hodkiewicz', '2022-02-03 01:45:07', '2022-02-03 01:45:07'),
(197, 2, 36, 'Steve Langosh', '2022-02-03 01:45:07', '2022-02-03 01:45:07'),
(198, 4, 65, 'Augusta Stokes DDS', '2022-02-03 01:45:07', '2022-02-03 01:45:07'),
(199, 3, 16, 'Mrs. Simone Medhurst', '2022-02-03 01:45:07', '2022-02-03 01:45:07'),
(200, 4, 50, 'Mr. Jaeden Muller', '2022-02-03 01:45:07', '2022-02-03 01:45:07'),
(201, 3, 64, 'Ardith Hessel II', '2022-02-03 01:45:07', '2022-02-03 01:45:07'),
(202, 3, 100, 'Saul Quitzon', '2022-02-03 01:45:07', '2022-02-03 01:45:07'),
(203, 2, 86, 'Prof. Lenore Schulist Jr.', '2022-02-03 01:45:07', '2022-02-03 01:45:07'),
(204, 4, 12, 'Carey Cummerata', '2022-02-03 01:45:07', '2022-02-03 01:45:07'),
(205, 3, 62, 'Trystan Gulgowski', '2022-02-03 01:45:07', '2022-02-03 01:45:07'),
(206, 1, 78, 'Pierce Bogan', '2022-02-03 01:45:07', '2022-02-03 01:45:07'),
(207, 3, 100, 'Anastacio Lesch', '2022-02-03 01:45:07', '2022-02-03 01:45:07'),
(208, 3, 78, 'Mr. Buck Bednar IV', '2022-02-03 01:45:07', '2022-02-03 01:45:07'),
(209, 1, 94, 'Dr. Wilfrid Carroll Jr.', '2022-02-03 01:45:07', '2022-02-03 01:45:07'),
(210, 3, 63, 'Clovis Mayert', '2022-02-03 01:45:07', '2022-02-03 01:45:07'),
(211, 1, 96, 'Alex Jast', '2022-02-03 01:45:07', '2022-02-03 01:45:07'),
(212, 1, 64, 'Osbaldo Kautzer', '2022-02-03 01:45:07', '2022-02-03 01:45:07'),
(213, 3, 18, 'Dr. Stella Moen', '2022-02-03 01:45:07', '2022-02-03 01:45:07'),
(214, 3, 71, 'Madaline Grant', '2022-02-03 01:45:07', '2022-02-03 01:45:07'),
(215, 4, 37, 'Russel Herzog', '2022-02-03 01:45:07', '2022-02-03 01:45:07'),
(216, 1, 39, 'Mortimer Fadel', '2022-02-03 01:45:07', '2022-02-03 01:45:07'),
(217, 1, 52, 'Prof. Keeley Schroeder Jr.', '2022-02-03 01:45:07', '2022-02-03 01:45:07'),
(218, 3, 64, 'Dr. Nestor Senger MD', '2022-02-03 01:45:07', '2022-02-03 01:45:07'),
(219, 3, 8, 'Claire Stark', '2022-02-03 01:45:07', '2022-02-03 01:45:07'),
(220, 4, 25, 'Jamar Metz', '2022-02-03 01:45:07', '2022-02-03 01:45:07'),
(221, 1, 25, 'Maeve Gerlach', '2022-02-03 01:45:07', '2022-02-03 01:45:07'),
(222, 3, 13, 'Prof. Wendy Ondricka', '2022-02-03 01:45:07', '2022-02-03 01:45:07'),
(223, 2, 21, 'Craig Hahn', '2022-02-03 01:45:07', '2022-02-03 01:45:07'),
(224, 2, 23, 'Delpha Sauer', '2022-02-03 01:45:07', '2022-02-03 01:45:07'),
(225, 3, 28, 'Kayla Howell V', '2022-02-03 01:45:07', '2022-02-03 01:45:07'),
(226, 1, 16, 'Ebony Weissnat PhD', '2022-02-03 01:45:07', '2022-02-03 01:45:07'),
(227, 3, 96, 'Ms. Millie Kuvalis II', '2022-02-03 01:45:07', '2022-02-03 01:45:07'),
(228, 4, 38, 'Ms. Imelda Windler Jr.', '2022-02-03 01:45:07', '2022-02-03 01:45:07'),
(229, 1, 15, 'Prof. Gavin Kilback DDS', '2022-02-03 01:45:07', '2022-02-03 01:45:07'),
(230, 2, 69, 'Trevor Dickinson DDS', '2022-02-03 01:45:07', '2022-02-03 01:45:07'),
(231, 4, 12, 'Elouise Lindgren', '2022-02-03 01:45:07', '2022-02-03 01:45:07'),
(232, 1, 13, 'Eddie Towne', '2022-02-03 01:45:07', '2022-02-03 01:45:07'),
(233, 3, 58, 'Bryana Cole', '2022-02-03 01:45:07', '2022-02-03 01:45:07'),
(234, 1, 82, 'Verda Stoltenberg', '2022-02-03 01:45:07', '2022-02-03 01:45:07'),
(235, 1, 51, 'Eriberto Wolf', '2022-02-03 01:45:07', '2022-02-03 01:45:07'),
(236, 3, 62, 'Destin Rohan', '2022-02-03 01:45:07', '2022-02-03 01:45:07'),
(237, 4, 60, 'Carissa Wolff', '2022-02-03 01:45:07', '2022-02-03 01:45:07'),
(238, 2, 47, 'Nickolas Macejkovic', '2022-02-03 01:45:07', '2022-02-03 01:45:07'),
(239, 1, 73, 'Dr. June Jaskolski DVM', '2022-02-03 01:45:07', '2022-02-03 01:45:07'),
(240, 2, 58, 'Jailyn Mayer', '2022-02-03 01:45:07', '2022-02-03 01:45:07'),
(241, 2, 34, 'Prof. Tyreek Simonis', '2022-02-03 01:45:07', '2022-02-03 01:45:07'),
(242, 4, 13, 'Gia Sipes', '2022-02-03 01:45:07', '2022-02-03 01:45:07'),
(243, 4, 19, 'Prof. Ebony Gleason Jr.', '2022-02-03 01:45:07', '2022-02-03 01:45:07'),
(244, 1, 80, 'Hugh Langosh', '2022-02-03 01:45:07', '2022-02-03 01:45:07'),
(245, 4, 56, 'Johanna Luettgen', '2022-02-03 01:45:07', '2022-02-03 01:45:07'),
(246, 1, 21, 'Marjory Wintheiser I', '2022-02-03 01:45:07', '2022-02-03 01:45:07'),
(247, 3, 4, 'Arnold Dooley', '2022-02-03 01:45:07', '2022-02-03 01:45:07'),
(248, 3, 23, 'Dayne Leannon', '2022-02-03 01:45:07', '2022-02-03 01:45:07'),
(249, 2, 44, 'Elian Simonis', '2022-02-03 01:45:07', '2022-02-03 01:45:07'),
(250, 3, 40, 'Olin Goyette', '2022-02-03 01:45:07', '2022-02-03 01:45:07'),
(251, 1, 39, 'Damaris Shanahan', '2022-02-03 01:45:07', '2022-02-03 01:45:07'),
(252, 1, 23, 'Clarissa Beatty Sr.', '2022-02-03 01:45:07', '2022-02-03 01:45:07'),
(253, 1, 62, 'Carlee Heaney', '2022-02-03 01:45:07', '2022-02-03 01:45:07'),
(254, 1, 50, 'Leda Jakubowski', '2022-02-03 01:45:07', '2022-02-03 01:45:07'),
(255, 4, 37, 'Ms. Mariela Waters DDS', '2022-02-03 01:45:07', '2022-02-03 01:45:07'),
(256, 3, 77, 'Ellsworth Smitham', '2022-02-03 01:45:07', '2022-02-03 01:45:07'),
(257, 2, 72, 'Vickie Turner', '2022-02-03 01:45:07', '2022-02-03 01:45:07'),
(258, 2, 44, 'Arnold Koelpin', '2022-02-03 01:45:07', '2022-02-03 01:45:07'),
(259, 2, 38, 'Jodie Gleason', '2022-02-03 01:45:07', '2022-02-03 01:45:07'),
(260, 2, 51, 'Aimee Russel', '2022-02-03 01:45:07', '2022-02-03 01:45:07'),
(261, 2, 13, 'Ramiro Boehm', '2022-02-03 01:45:07', '2022-02-03 01:45:07'),
(262, 1, 40, 'Violet Torphy', '2022-02-03 01:45:07', '2022-02-03 01:45:07'),
(263, 3, 30, 'Dr. Lucas Ratke III', '2022-02-03 01:45:07', '2022-02-03 01:45:07'),
(264, 3, 16, 'Hal Wolff', '2022-02-03 01:45:07', '2022-02-03 01:45:07'),
(265, 4, 78, 'Korey Corwin', '2022-02-03 01:45:07', '2022-02-03 01:45:07'),
(266, 2, 9, 'Stanton Larson', '2022-02-03 01:45:07', '2022-02-03 01:45:07'),
(267, 4, 92, 'Dina Senger', '2022-02-03 01:45:07', '2022-02-03 01:45:07'),
(268, 1, 27, 'Declan Bogisich', '2022-02-03 01:45:07', '2022-02-03 01:45:07'),
(269, 4, 10, 'Patsy Olson', '2022-02-03 01:45:07', '2022-02-03 01:45:07'),
(270, 1, 4, 'Dr. Aliyah Cartwright I', '2022-02-03 01:45:07', '2022-02-03 01:45:07'),
(271, 4, 88, 'Jacinto Gleason', '2022-02-03 01:45:07', '2022-02-03 01:45:07'),
(272, 2, 94, 'Rhoda Fadel II', '2022-02-03 01:45:07', '2022-02-03 01:45:07'),
(273, 4, 91, 'Fatima Bergnaum', '2022-02-03 01:45:07', '2022-02-03 01:45:07'),
(274, 4, 27, 'Reyna Ziemann', '2022-02-03 01:45:07', '2022-02-03 01:45:07'),
(275, 2, 36, 'Lera Wisozk I', '2022-02-03 01:45:07', '2022-02-03 01:45:07'),
(276, 4, 96, 'Presley Walsh IV', '2022-02-03 01:45:07', '2022-02-03 01:45:07'),
(277, 2, 15, 'Dr. Chyna McDermott Jr.', '2022-02-03 01:45:07', '2022-02-03 01:45:07'),
(278, 3, 86, 'Oral Williamson', '2022-02-03 01:45:07', '2022-02-03 01:45:07'),
(279, 3, 10, 'Jabari Legros', '2022-02-03 01:45:07', '2022-02-03 01:45:07'),
(280, 1, 41, 'Mattie Walter', '2022-02-03 01:45:07', '2022-02-03 01:45:07'),
(281, 2, 23, 'Chasity Osinski', '2022-02-03 01:45:07', '2022-02-03 01:45:07'),
(282, 1, 16, 'Lucy Gulgowski', '2022-02-03 01:45:07', '2022-02-03 01:45:07'),
(283, 3, 15, 'Darien Gleichner', '2022-02-03 01:45:07', '2022-02-03 01:45:07'),
(284, 4, 11, 'Kaleigh Bechtelar', '2022-02-03 01:45:07', '2022-02-03 01:45:07'),
(285, 1, 88, 'Evie Mayert', '2022-02-03 01:45:07', '2022-02-03 01:45:07'),
(286, 2, 78, 'Ms. Elizabeth Williamson MD', '2022-02-03 01:45:07', '2022-02-03 01:45:07'),
(287, 4, 72, 'Eldred Emard III', '2022-02-03 01:45:07', '2022-02-03 01:45:07'),
(288, 3, 54, 'Dr. Sincere Mills', '2022-02-03 01:45:07', '2022-02-03 01:45:07'),
(289, 1, 47, 'Ted Orn', '2022-02-03 01:45:07', '2022-02-03 01:45:07'),
(290, 4, 22, 'Ms. Monica Kovacek', '2022-02-03 01:45:07', '2022-02-03 01:45:07'),
(291, 3, 3, 'Prof. Elvis Rath', '2022-02-03 01:45:07', '2022-02-03 01:45:07'),
(292, 4, 87, 'Boris Bergstrom', '2022-02-03 01:45:07', '2022-02-03 01:45:07'),
(293, 3, 23, 'Aurelie Thiel', '2022-02-03 01:45:07', '2022-02-03 01:45:07'),
(294, 1, 30, 'Nico Bartoletti', '2022-02-03 01:45:07', '2022-02-03 01:45:07'),
(295, 1, 2, 'Prof. Ashley Russel PhD', '2022-02-03 01:45:07', '2022-02-03 01:45:07'),
(296, 1, 79, 'Hazle Sporer II', '2022-02-03 01:45:07', '2022-02-03 01:45:07'),
(297, 2, 74, 'Nelson Heidenreich', '2022-02-03 01:45:07', '2022-02-03 01:45:07'),
(298, 2, 84, 'Kacie Lind', '2022-02-03 01:45:07', '2022-02-03 01:45:07'),
(299, 3, 28, 'Arno Rolfson MD', '2022-02-03 01:45:07', '2022-02-03 01:45:07'),
(300, 2, 39, 'Kenyatta Mitchell', '2022-02-03 01:45:07', '2022-02-03 01:45:07');

-- --------------------------------------------------------

--
-- Table structure for table `users`
--

CREATE TABLE `users` (
  `id` bigint(20) UNSIGNED NOT NULL,
  `name` varchar(255) COLLATE utf8mb4_unicode_ci NOT NULL,
  `email` varchar(255) COLLATE utf8mb4_unicode_ci NOT NULL,
  `email_verified_at` timestamp NULL DEFAULT NULL,
  `password` varchar(255) COLLATE utf8mb4_unicode_ci NOT NULL,
  `remember_token` varchar(100) COLLATE utf8mb4_unicode_ci DEFAULT NULL,
  `created_at` timestamp NULL DEFAULT NULL,
  `updated_at` timestamp NULL DEFAULT NULL
) ENGINE=InnoDB DEFAULT CHARSET=utf8mb4 COLLATE=utf8mb4_unicode_ci;

--
-- Indexes for dumped tables
--

--
-- Indexes for table `cities`
--
ALTER TABLE `cities`
  ADD PRIMARY KEY (`id`),
  ADD KEY `cities_country_id_foreign` (`country_id`);

--
-- Indexes for table `countries`
--
ALTER TABLE `countries`
  ADD PRIMARY KEY (`id`);

--
-- Indexes for table `employees`
--
ALTER TABLE `employees`
  ADD PRIMARY KEY (`id`),
  ADD UNIQUE KEY `employees_emp_email_unique` (`emp_email`),
  ADD KEY `employees_country_id_foreign` (`country_id`),
  ADD KEY `employees_city_id_foreign` (`city_id`),
  ADD KEY `employees_shop_id_foreign` (`shop_id`);

--
-- Indexes for table `failed_jobs`
--
ALTER TABLE `failed_jobs`
  ADD PRIMARY KEY (`id`),
  ADD UNIQUE KEY `failed_jobs_uuid_unique` (`uuid`);

--
-- Indexes for table `migrations`
--
ALTER TABLE `migrations`
  ADD PRIMARY KEY (`id`);

--
-- Indexes for table `password_resets`
--
ALTER TABLE `password_resets`
  ADD KEY `password_resets_email_index` (`email`);

--
-- Indexes for table `personal_access_tokens`
--
ALTER TABLE `personal_access_tokens`
  ADD PRIMARY KEY (`id`),
  ADD UNIQUE KEY `personal_access_tokens_token_unique` (`token`),
  ADD KEY `personal_access_tokens_tokenable_type_tokenable_id_index` (`tokenable_type`,`tokenable_id`);

--
-- Indexes for table `shops`
--
ALTER TABLE `shops`
  ADD PRIMARY KEY (`id`),
  ADD KEY `shops_country_id_foreign` (`country_id`),
  ADD KEY `shops_city_id_foreign` (`city_id`);

--
-- Indexes for table `users`
--
ALTER TABLE `users`
  ADD PRIMARY KEY (`id`),
  ADD UNIQUE KEY `users_email_unique` (`email`);

--
-- AUTO_INCREMENT for dumped tables
--

--
-- AUTO_INCREMENT for table `cities`
--
ALTER TABLE `cities`
  MODIFY `id` bigint(20) UNSIGNED NOT NULL AUTO_INCREMENT, AUTO_INCREMENT=101;

--
-- AUTO_INCREMENT for table `countries`
--
ALTER TABLE `countries`
  MODIFY `id` bigint(20) UNSIGNED NOT NULL AUTO_INCREMENT, AUTO_INCREMENT=101;

--
-- AUTO_INCREMENT for table `employees`
--
ALTER TABLE `employees`
  MODIFY `id` bigint(20) UNSIGNED NOT NULL AUTO_INCREMENT, AUTO_INCREMENT=1001;

--
-- AUTO_INCREMENT for table `failed_jobs`
--
ALTER TABLE `failed_jobs`
  MODIFY `id` bigint(20) UNSIGNED NOT NULL AUTO_INCREMENT;

--
-- AUTO_INCREMENT for table `migrations`
--
ALTER TABLE `migrations`
  MODIFY `id` int(10) UNSIGNED NOT NULL AUTO_INCREMENT, AUTO_INCREMENT=11;

--
-- AUTO_INCREMENT for table `personal_access_tokens`
--
ALTER TABLE `personal_access_tokens`
  MODIFY `id` bigint(20) UNSIGNED NOT NULL AUTO_INCREMENT;

--
-- AUTO_INCREMENT for table `shops`
--
ALTER TABLE `shops`
  MODIFY `id` bigint(20) UNSIGNED NOT NULL AUTO_INCREMENT, AUTO_INCREMENT=301;

--
-- AUTO_INCREMENT for table `users`
--
ALTER TABLE `users`
  MODIFY `id` bigint(20) UNSIGNED NOT NULL AUTO_INCREMENT;

--
-- Constraints for dumped tables
--

--
-- Constraints for table `cities`
--
ALTER TABLE `cities`
  ADD CONSTRAINT `cities_country_id_foreign` FOREIGN KEY (`country_id`) REFERENCES `countries` (`id`) ON DELETE CASCADE;

--
-- Constraints for table `employees`
--
ALTER TABLE `employees`
  ADD CONSTRAINT `employees_city_id_foreign` FOREIGN KEY (`city_id`) REFERENCES `cities` (`id`) ON DELETE CASCADE,
  ADD CONSTRAINT `employees_country_id_foreign` FOREIGN KEY (`country_id`) REFERENCES `countries` (`id`) ON DELETE CASCADE,
  ADD CONSTRAINT `employees_shop_id_foreign` FOREIGN KEY (`shop_id`) REFERENCES `shops` (`id`) ON DELETE CASCADE;

--
-- Constraints for table `shops`
--
ALTER TABLE `shops`
  ADD CONSTRAINT `shops_city_id_foreign` FOREIGN KEY (`city_id`) REFERENCES `cities` (`id`) ON DELETE CASCADE,
  ADD CONSTRAINT `shops_country_id_foreign` FOREIGN KEY (`country_id`) REFERENCES `countries` (`id`) ON DELETE CASCADE;
COMMIT;

/*!40101 SET CHARACTER_SET_CLIENT=@OLD_CHARACTER_SET_CLIENT */;
/*!40101 SET CHARACTER_SET_RESULTS=@OLD_CHARACTER_SET_RESULTS */;
/*!40101 SET COLLATION_CONNECTION=@OLD_COLLATION_CONNECTION */;
