-- phpMyAdmin SQL Dump
-- version 5.1.1
-- https://www.phpmyadmin.net/
--
-- Host: 127.0.0.1
-- Generation Time: Feb 23, 2022 at 10:42 AM
-- Server version: 10.4.22-MariaDB
-- PHP Version: 8.1.1

SET SQL_MODE = "NO_AUTO_VALUE_ON_ZERO";
START TRANSACTION;
SET time_zone = "+00:00";


/*!40101 SET @OLD_CHARACTER_SET_CLIENT=@@CHARACTER_SET_CLIENT */;
/*!40101 SET @OLD_CHARACTER_SET_RESULTS=@@CHARACTER_SET_RESULTS */;
/*!40101 SET @OLD_COLLATION_CONNECTION=@@COLLATION_CONNECTION */;
/*!40101 SET NAMES utf8mb4 */;

--
-- Database: `product_demo`
--

-- --------------------------------------------------------

--
-- Table structure for table `failed_jobs`
--

CREATE TABLE `failed_jobs` (
  `id` bigint(20) UNSIGNED NOT NULL,
  `uuid` varchar(255) COLLATE utf8mb4_unicode_ci NOT NULL,
  `connection` text COLLATE utf8mb4_unicode_ci NOT NULL,
  `queue` text COLLATE utf8mb4_unicode_ci NOT NULL,
  `payload` longtext COLLATE utf8mb4_unicode_ci NOT NULL,
  `exception` longtext COLLATE utf8mb4_unicode_ci NOT NULL,
  `failed_at` timestamp NOT NULL DEFAULT current_timestamp()
) ENGINE=InnoDB DEFAULT CHARSET=utf8mb4 COLLATE=utf8mb4_unicode_ci;

-- --------------------------------------------------------

--
-- Table structure for table `migrations`
--

CREATE TABLE `migrations` (
  `id` int(10) UNSIGNED NOT NULL,
  `migration` varchar(255) COLLATE utf8mb4_unicode_ci NOT NULL,
  `batch` int(11) NOT NULL
) ENGINE=InnoDB DEFAULT CHARSET=utf8mb4 COLLATE=utf8mb4_unicode_ci;

--
-- Dumping data for table `migrations`
--

INSERT INTO `migrations` (`id`, `migration`, `batch`) VALUES
(22, '2014_10_12_000000_create_users_table', 1),
(23, '2014_10_12_100000_create_password_resets_table', 1),
(24, '2019_08_19_000000_create_failed_jobs_table', 1),
(25, '2019_12_14_000001_create_personal_access_tokens_table', 1),
(26, '2022_02_22_093341_create_products_table', 1),
(27, '2022_02_22_100051_create_product_varients_table', 1),
(29, '2022_02_22_101047_add_prod_brand_product_variants_table', 2),
(32, '2022_02_23_051507_create_payments_table', 3);

-- --------------------------------------------------------

--
-- Table structure for table `password_resets`
--

CREATE TABLE `password_resets` (
  `email` varchar(255) COLLATE utf8mb4_unicode_ci NOT NULL,
  `token` varchar(255) COLLATE utf8mb4_unicode_ci NOT NULL,
  `created_at` timestamp NULL DEFAULT NULL
) ENGINE=InnoDB DEFAULT CHARSET=utf8mb4 COLLATE=utf8mb4_unicode_ci;

-- --------------------------------------------------------

--
-- Table structure for table `payments`
--

CREATE TABLE `payments` (
  `id` bigint(20) UNSIGNED NOT NULL,
  `amount` double(8,2) UNSIGNED NOT NULL,
  `payment_id` varchar(255) COLLATE utf8mb4_unicode_ci DEFAULT NULL,
  `payment_done` tinyint(1) NOT NULL DEFAULT 0,
  `created_at` timestamp NULL DEFAULT NULL,
  `updated_at` timestamp NULL DEFAULT NULL
) ENGINE=InnoDB DEFAULT CHARSET=utf8mb4 COLLATE=utf8mb4_unicode_ci;

--
-- Dumping data for table `payments`
--

INSERT INTO `payments` (`id`, `amount`, `payment_id`, `payment_done`, `created_at`, `updated_at`) VALUES
(1, 231100.00, 'pay_IzMNo4rcsvOiv8', 1, '2022-02-23 01:29:00', '2022-02-23 01:29:00'),
(2, 10570.00, 'pay_IzOs57YbBHiUV6', 1, '2022-02-23 03:55:04', '2022-02-23 03:55:04'),
(3, 7200.00, 'pay_IzOt67BpIuyrq4', 1, '2022-02-23 03:56:04', '2022-02-23 03:56:04'),
(4, 21600.00, 'pay_IzOv7d3xWFDDbx', 1, '2022-02-23 03:57:57', '2022-02-23 03:57:57'),
(5, 1280.00, 'pay_IzOzUzxwlqDxhT', 1, '2022-02-23 04:02:06', '2022-02-23 04:02:06'),
(6, 1057.00, 'pay_IzP0wJ7Uyt4lyg', 1, '2022-02-23 04:03:27', '2022-02-23 04:03:27'),
(7, 1057.00, 'pay_IzP2cdTtQWHI8W', 1, '2022-02-23 04:05:03', '2022-02-23 04:05:03');

-- --------------------------------------------------------

--
-- Table structure for table `personal_access_tokens`
--

CREATE TABLE `personal_access_tokens` (
  `id` bigint(20) UNSIGNED NOT NULL,
  `tokenable_type` varchar(255) COLLATE utf8mb4_unicode_ci NOT NULL,
  `tokenable_id` bigint(20) UNSIGNED NOT NULL,
  `name` varchar(255) COLLATE utf8mb4_unicode_ci NOT NULL,
  `token` varchar(64) COLLATE utf8mb4_unicode_ci NOT NULL,
  `abilities` text COLLATE utf8mb4_unicode_ci DEFAULT NULL,
  `last_used_at` timestamp NULL DEFAULT NULL,
  `created_at` timestamp NULL DEFAULT NULL,
  `updated_at` timestamp NULL DEFAULT NULL
) ENGINE=InnoDB DEFAULT CHARSET=utf8mb4 COLLATE=utf8mb4_unicode_ci;

-- --------------------------------------------------------

--
-- Table structure for table `products`
--

CREATE TABLE `products` (
  `id` bigint(20) UNSIGNED NOT NULL,
  `prod_name` varchar(255) COLLATE utf8mb4_unicode_ci NOT NULL,
  `prod_price` double(8,2) UNSIGNED NOT NULL,
  `items` bigint(20) UNSIGNED NOT NULL,
  `created_at` timestamp NULL DEFAULT NULL,
  `updated_at` timestamp NULL DEFAULT NULL
) ENGINE=InnoDB DEFAULT CHARSET=utf8mb4 COLLATE=utf8mb4_unicode_ci;

--
-- Dumping data for table `products`
--

INSERT INTO `products` (`id`, `prod_name`, `prod_price`, `items`, `created_at`, `updated_at`) VALUES
(1, 'Fugiat.', 2675.00, 0, '2022-02-22 04:54:34', '2022-02-22 04:54:34'),
(2, 'Quis.', 1902.00, 14, '2022-02-22 04:54:34', '2022-02-23 01:18:46'),
(3, 'Fugiat.', 1440.00, 0, '2022-02-22 04:54:34', '2022-02-23 03:57:57'),
(4, 'Quia.', 1057.00, 4, '2022-02-22 04:54:34', '2022-02-23 04:05:03'),
(5, 'Est nihil.', 1151.00, 21, '2022-02-22 04:54:34', '2022-02-22 04:54:34'),
(6, 'Mollitia.', 640.00, 18, '2022-02-22 04:54:34', '2022-02-23 04:02:06'),
(7, 'Tempore.', 2878.00, 10, '2022-02-22 04:54:34', '2022-02-22 04:54:34'),
(8, 'Nobis.', 2943.00, 18, '2022-02-22 04:54:34', '2022-02-22 04:54:34'),
(9, 'Quae et.', 1820.00, 29, '2022-02-22 04:54:34', '2022-02-22 04:54:34'),
(10, 'Voluptate.', 1113.00, 24, '2022-02-22 04:54:34', '2022-02-22 04:54:34'),
(11, 'Sit.', 843.00, 30, '2022-02-22 04:54:34', '2022-02-22 04:54:34'),
(12, 'Magni.', 1136.00, 12, '2022-02-22 04:54:34', '2022-02-22 04:54:34'),
(13, 'Enim sed.', 1265.00, 11, '2022-02-22 04:54:34', '2022-02-22 04:54:34'),
(14, 'Nulla ut.', 1099.00, 23, '2022-02-22 04:54:34', '2022-02-22 04:54:34'),
(15, 'Harum ut.', 1475.00, 14, '2022-02-22 04:54:34', '2022-02-22 04:54:34'),
(16, 'Sit minus.', 2841.00, 13, '2022-02-22 04:54:34', '2022-02-22 04:54:34'),
(17, 'Facere.', 940.00, 8, '2022-02-22 04:54:34', '2022-02-22 04:54:34'),
(18, 'Nihil.', 1670.00, 18, '2022-02-22 04:54:34', '2022-02-22 04:54:34'),
(19, 'Et.', 2345.00, 5, '2022-02-22 04:54:34', '2022-02-22 04:54:34'),
(20, 'Non earum.', 777.00, 15, '2022-02-22 04:54:34', '2022-02-22 04:54:34'),
(21, 'Excepturi.', 1292.00, 14, '2022-02-22 04:54:34', '2022-02-22 04:54:34'),
(22, 'Ipsa.', 2062.00, 21, '2022-02-22 04:54:34', '2022-02-22 04:54:34'),
(23, 'Sint.', 2324.00, 26, '2022-02-22 04:54:34', '2022-02-22 04:54:34'),
(24, 'A odit et.', 2618.00, 0, '2022-02-22 04:54:34', '2022-02-22 04:54:34'),
(25, 'Soluta.', 1678.00, 14, '2022-02-22 04:54:34', '2022-02-22 04:54:34'),
(26, 'Eligendi.', 855.00, 18, '2022-02-22 04:54:34', '2022-02-22 04:54:34'),
(27, 'Omnis.', 2922.00, 6, '2022-02-22 04:54:34', '2022-02-22 04:54:34'),
(28, 'Molestiae.', 1443.00, 12, '2022-02-22 04:54:34', '2022-02-22 04:54:34'),
(29, 'Expedita.', 698.00, 13, '2022-02-22 04:54:34', '2022-02-22 04:54:34'),
(30, 'Dolor.', 1417.00, 9, '2022-02-22 04:54:34', '2022-02-22 04:54:34'),
(31, 'Incidunt.', 1533.00, 6, '2022-02-22 04:54:34', '2022-02-22 04:54:34'),
(32, 'Officia.', 1265.00, 22, '2022-02-22 04:54:34', '2022-02-22 04:54:34'),
(33, 'Quis sed.', 1329.00, 29, '2022-02-22 04:54:34', '2022-02-22 04:54:34'),
(34, 'Autem.', 1904.00, 30, '2022-02-22 04:54:34', '2022-02-22 04:54:34'),
(35, 'Nulla est.', 714.00, 16, '2022-02-22 04:54:34', '2022-02-22 04:54:34'),
(36, 'Quia.', 2799.00, 24, '2022-02-22 04:54:34', '2022-02-22 04:54:34'),
(37, 'Aut.', 2057.00, 7, '2022-02-22 04:54:34', '2022-02-22 04:54:34'),
(38, 'Ab velit.', 2372.00, 16, '2022-02-22 04:54:34', '2022-02-22 04:54:34'),
(39, 'Aut.', 620.00, 18, '2022-02-22 04:54:34', '2022-02-22 04:54:34'),
(40, 'Ea nihil.', 2891.00, 16, '2022-02-22 04:54:34', '2022-02-22 04:54:34'),
(41, 'Rerum id.', 575.00, 7, '2022-02-22 04:54:34', '2022-02-22 04:54:34'),
(42, 'Incidunt.', 2282.00, 17, '2022-02-22 04:54:34', '2022-02-22 04:54:34'),
(43, 'Repellat.', 1409.00, 15, '2022-02-22 04:54:34', '2022-02-22 04:54:34'),
(44, 'Eos sequi.', 1473.00, 28, '2022-02-22 04:54:34', '2022-02-22 04:54:34'),
(45, 'Molestias.', 855.00, 18, '2022-02-22 04:54:34', '2022-02-22 04:54:34'),
(46, 'Occaecati.', 833.00, 21, '2022-02-22 04:54:34', '2022-02-22 04:54:34'),
(47, 'Sit et.', 2798.00, 27, '2022-02-22 04:54:34', '2022-02-22 04:54:34'),
(48, 'Ut.', 602.00, 5, '2022-02-22 04:54:34', '2022-02-22 04:54:34'),
(49, 'Vel unde.', 2557.00, 29, '2022-02-22 04:54:34', '2022-02-22 04:54:34'),
(50, 'Eaque non.', 2381.00, 19, '2022-02-22 04:54:34', '2022-02-22 04:54:34'),
(51, 'Iusto eos.', 831.00, 11, '2022-02-22 04:54:34', '2022-02-22 04:54:34'),
(52, 'Maxime.', 737.00, 27, '2022-02-22 04:54:34', '2022-02-22 04:54:34'),
(53, 'Ut vel.', 1286.00, 12, '2022-02-22 04:54:34', '2022-02-22 04:54:34'),
(54, 'Ut ad.', 2482.00, 23, '2022-02-22 04:54:34', '2022-02-22 04:54:34'),
(55, 'Sed quia.', 1041.00, 7, '2022-02-22 04:54:34', '2022-02-22 04:54:34'),
(56, 'Veniam ad.', 1217.00, 14, '2022-02-22 04:54:34', '2022-02-22 04:54:34'),
(57, 'Veniam.', 554.00, 20, '2022-02-22 04:54:34', '2022-02-22 04:54:34'),
(58, 'Suscipit.', 1411.00, 28, '2022-02-22 04:54:34', '2022-02-22 04:54:34'),
(59, 'Sed.', 607.00, 19, '2022-02-22 04:54:34', '2022-02-22 04:54:34'),
(60, 'Minus.', 1248.00, 23, '2022-02-22 04:54:34', '2022-02-22 04:54:34'),
(61, 'Quaerat.', 2765.00, 27, '2022-02-22 04:54:34', '2022-02-22 04:54:34'),
(62, 'Suscipit.', 1164.00, 30, '2022-02-22 04:54:34', '2022-02-22 04:54:34'),
(63, 'Ipsa.', 2166.00, 13, '2022-02-22 04:54:34', '2022-02-22 04:54:34'),
(64, 'Explicabo.', 569.00, 17, '2022-02-22 04:54:34', '2022-02-22 04:54:34'),
(65, 'Voluptate.', 1678.00, 28, '2022-02-22 04:54:34', '2022-02-22 04:54:34'),
(66, 'Natus.', 1261.00, 30, '2022-02-22 04:54:34', '2022-02-22 04:54:34'),
(67, 'Aliquam.', 1260.00, 18, '2022-02-22 04:54:34', '2022-02-22 04:54:34'),
(68, 'Et amet.', 2001.00, 14, '2022-02-22 04:54:34', '2022-02-22 04:54:34'),
(69, 'Incidunt.', 2942.00, 8, '2022-02-22 04:54:34', '2022-02-22 04:54:34'),
(70, 'Sint aut.', 2341.00, 29, '2022-02-22 04:54:34', '2022-02-22 04:54:34'),
(71, 'Fugiat.', 2278.00, 17, '2022-02-22 04:54:34', '2022-02-22 04:54:34'),
(72, 'Pariatur.', 2963.00, 24, '2022-02-22 04:54:34', '2022-02-22 04:54:34'),
(73, 'Iusto.', 1123.00, 28, '2022-02-22 04:54:34', '2022-02-22 04:54:34'),
(74, 'Unde.', 1943.00, 6, '2022-02-22 04:54:34', '2022-02-22 04:54:34'),
(75, 'Similique.', 872.00, 22, '2022-02-22 04:54:34', '2022-02-22 04:54:34'),
(76, 'Nobis.', 1143.00, 15, '2022-02-22 04:54:34', '2022-02-22 04:54:34'),
(77, 'Tempore.', 1734.00, 15, '2022-02-22 04:54:34', '2022-02-22 04:54:34'),
(78, 'Rerum ut.', 976.00, 29, '2022-02-22 04:54:34', '2022-02-22 04:54:34'),
(79, 'Non optio.', 2777.00, 7, '2022-02-22 04:54:34', '2022-02-22 04:54:34'),
(80, 'Alias.', 1162.00, 14, '2022-02-22 04:54:34', '2022-02-22 04:54:34'),
(81, 'Quo.', 2822.00, 12, '2022-02-22 04:54:34', '2022-02-22 04:54:34'),
(82, 'Saepe qui.', 1239.00, 15, '2022-02-22 04:54:34', '2022-02-22 04:54:34'),
(83, 'Ab.', 690.00, 28, '2022-02-22 04:54:34', '2022-02-22 04:54:34'),
(84, 'Tempora.', 1560.00, 23, '2022-02-22 04:54:34', '2022-02-22 04:54:34'),
(85, 'Minima.', 1548.00, 12, '2022-02-22 04:54:34', '2022-02-22 04:54:34'),
(86, 'Molestiae.', 2738.00, 17, '2022-02-22 04:54:34', '2022-02-22 04:54:34'),
(87, 'Aut error.', 1680.00, 22, '2022-02-22 04:54:34', '2022-02-22 04:54:34'),
(88, 'Voluptas.', 1131.00, 16, '2022-02-22 04:54:34', '2022-02-22 04:54:34'),
(89, 'Vero.', 2345.00, 28, '2022-02-22 04:54:34', '2022-02-22 04:54:34'),
(90, 'Iste ut.', 1368.00, 6, '2022-02-22 04:54:34', '2022-02-22 04:54:34'),
(91, 'Corrupti.', 1107.00, 7, '2022-02-22 04:54:34', '2022-02-22 04:54:34'),
(92, 'Et vel.', 1361.00, 5, '2022-02-22 04:54:34', '2022-02-22 04:54:34'),
(93, 'Assumenda.', 1223.00, 17, '2022-02-22 04:54:34', '2022-02-22 04:54:34'),
(94, 'Sunt.', 2785.00, 24, '2022-02-22 04:54:34', '2022-02-22 04:54:34'),
(95, 'Pariatur.', 2853.00, 5, '2022-02-22 04:54:34', '2022-02-22 04:54:34'),
(96, 'Totam.', 2232.00, 25, '2022-02-22 04:54:34', '2022-02-22 04:54:34'),
(97, 'Ipsam.', 1925.00, 21, '2022-02-22 04:54:34', '2022-02-22 04:54:34'),
(98, 'Quia.', 2278.00, 17, '2022-02-22 04:54:34', '2022-02-22 04:54:34'),
(99, 'Et optio.', 1600.00, 10, '2022-02-22 04:54:34', '2022-02-22 04:54:34'),
(100, 'Tempore.', 2244.00, 8, '2022-02-22 04:54:34', '2022-02-22 04:54:34'),
(101, 'Quia aut.', 855.00, 30, '2022-02-22 04:54:34', '2022-02-22 04:54:34'),
(102, 'Occaecati.', 2102.00, 29, '2022-02-22 04:54:34', '2022-02-22 04:54:34'),
(103, 'Optio.', 2510.00, 19, '2022-02-22 04:54:34', '2022-02-22 04:54:34'),
(104, 'Quod.', 774.00, 7, '2022-02-22 04:54:34', '2022-02-22 04:54:34'),
(105, 'Voluptate.', 2425.00, 23, '2022-02-22 04:54:34', '2022-02-22 04:54:34'),
(106, 'Quia.', 1427.00, 8, '2022-02-22 04:54:34', '2022-02-22 04:54:34'),
(107, 'Hic.', 1694.00, 23, '2022-02-22 04:54:34', '2022-02-22 04:54:34'),
(108, 'Tenetur.', 1852.00, 26, '2022-02-22 04:54:34', '2022-02-22 04:54:34'),
(109, 'Nemo.', 594.00, 13, '2022-02-22 04:54:34', '2022-02-22 04:54:34'),
(110, 'Et eos.', 2105.00, 5, '2022-02-22 04:54:34', '2022-02-22 04:54:34'),
(111, 'Sed ex.', 1103.00, 30, '2022-02-22 04:54:34', '2022-02-22 04:54:34'),
(112, 'Sapiente.', 715.00, 16, '2022-02-22 04:54:34', '2022-02-22 04:54:34'),
(113, 'Nobis.', 2925.00, 5, '2022-02-22 04:54:34', '2022-02-22 04:54:34'),
(114, 'Neque ut.', 1372.00, 25, '2022-02-22 04:54:34', '2022-02-22 04:54:34'),
(115, 'Et aut.', 845.00, 25, '2022-02-22 04:54:34', '2022-02-22 04:54:34'),
(116, 'Velit.', 955.00, 24, '2022-02-22 04:54:34', '2022-02-22 04:54:34'),
(117, 'Optio.', 1067.00, 27, '2022-02-22 04:54:34', '2022-02-22 04:54:34'),
(118, 'Iure.', 2135.00, 6, '2022-02-22 04:54:34', '2022-02-22 04:54:34'),
(119, 'Doloribus.', 2539.00, 9, '2022-02-22 04:54:34', '2022-02-22 04:54:34'),
(120, 'Ducimus.', 1488.00, 11, '2022-02-22 04:54:34', '2022-02-22 04:54:34'),
(121, 'Quos qui.', 1884.00, 19, '2022-02-22 04:54:34', '2022-02-22 04:54:34'),
(122, 'Repellat.', 2311.00, 9, '2022-02-22 04:54:34', '2022-02-22 04:54:34'),
(123, 'In.', 2725.00, 18, '2022-02-22 04:54:34', '2022-02-22 04:54:34'),
(124, 'Facilis.', 2059.00, 17, '2022-02-22 04:54:34', '2022-02-22 04:54:34'),
(125, 'Aut.', 1715.00, 11, '2022-02-22 04:54:34', '2022-02-22 04:54:34'),
(126, 'Quis.', 2054.00, 15, '2022-02-22 04:54:34', '2022-02-22 04:54:34'),
(127, 'Vel.', 2180.00, 9, '2022-02-22 04:54:34', '2022-02-22 04:54:34'),
(128, 'Quos quas.', 605.00, 27, '2022-02-22 04:54:34', '2022-02-22 04:54:34'),
(129, 'Ipsum est.', 2851.00, 23, '2022-02-22 04:54:34', '2022-02-22 04:54:34'),
(130, 'Alias.', 1657.00, 13, '2022-02-22 04:54:34', '2022-02-22 04:54:34'),
(131, 'Quod.', 2613.00, 11, '2022-02-22 04:54:34', '2022-02-22 04:54:34'),
(132, 'Voluptas.', 2468.00, 18, '2022-02-22 04:54:34', '2022-02-22 04:54:34'),
(133, 'Beatae.', 1774.00, 5, '2022-02-22 04:54:34', '2022-02-22 04:54:34'),
(134, 'Sunt.', 2761.00, 30, '2022-02-22 04:54:34', '2022-02-22 04:54:34'),
(135, 'Sapiente.', 2884.00, 28, '2022-02-22 04:54:34', '2022-02-22 04:54:34'),
(136, 'Dolore.', 1979.00, 18, '2022-02-22 04:54:34', '2022-02-22 04:54:34'),
(137, 'Sit vel.', 1617.00, 24, '2022-02-22 04:54:34', '2022-02-22 04:54:34'),
(138, 'Aut rem.', 787.00, 14, '2022-02-22 04:54:34', '2022-02-22 04:54:34'),
(139, 'Impedit.', 2787.00, 21, '2022-02-22 04:54:34', '2022-02-22 04:54:34'),
(140, 'Quas quia.', 1082.00, 24, '2022-02-22 04:54:34', '2022-02-22 04:54:34'),
(141, 'Debitis.', 1275.00, 23, '2022-02-22 04:54:34', '2022-02-22 04:54:34'),
(142, 'Corrupti.', 1079.00, 19, '2022-02-22 04:54:34', '2022-02-22 04:54:34'),
(143, 'Quia.', 2328.00, 18, '2022-02-22 04:54:34', '2022-02-22 04:54:34'),
(144, 'Ut vel.', 2316.00, 12, '2022-02-22 04:54:34', '2022-02-22 04:54:34'),
(145, 'Aut.', 647.00, 30, '2022-02-22 04:54:34', '2022-02-22 04:54:34'),
(146, 'Non eaque.', 2530.00, 21, '2022-02-22 04:54:34', '2022-02-22 04:54:34'),
(147, 'Magnam.', 2837.00, 14, '2022-02-22 04:54:34', '2022-02-22 04:54:34'),
(148, 'Eum culpa.', 1849.00, 23, '2022-02-22 04:54:34', '2022-02-22 04:54:34'),
(149, 'Veritatis.', 990.00, 27, '2022-02-22 04:54:34', '2022-02-22 04:54:34'),
(150, 'Debitis.', 2230.00, 13, '2022-02-22 04:54:34', '2022-02-22 04:54:34'),
(151, 'Adipisci.', 2842.00, 6, '2022-02-22 04:54:34', '2022-02-22 04:54:34'),
(152, 'Id rerum.', 2334.00, 9, '2022-02-22 04:54:34', '2022-02-22 04:54:34'),
(153, 'Est dolor.', 2923.00, 16, '2022-02-22 04:54:34', '2022-02-22 04:54:34'),
(154, 'Occaecati.', 2044.00, 14, '2022-02-22 04:54:34', '2022-02-22 04:54:34'),
(155, 'Facere.', 2933.00, 29, '2022-02-22 04:54:34', '2022-02-22 04:54:34'),
(156, 'Quibusdam.', 2354.00, 24, '2022-02-22 04:54:34', '2022-02-22 04:54:34'),
(157, 'Vitae.', 2223.00, 20, '2022-02-22 04:54:34', '2022-02-22 04:54:34'),
(158, 'Sunt.', 2076.00, 12, '2022-02-22 04:54:34', '2022-02-22 04:54:34'),
(159, 'Saepe.', 2167.00, 18, '2022-02-22 04:54:34', '2022-02-22 04:54:34'),
(160, 'Porro.', 1919.00, 16, '2022-02-22 04:54:34', '2022-02-22 04:54:34'),
(161, 'Numquam.', 1757.00, 26, '2022-02-22 04:54:34', '2022-02-22 04:54:34'),
(162, 'Fugiat.', 894.00, 29, '2022-02-22 04:54:34', '2022-02-22 04:54:34'),
(163, 'Error ut.', 2186.00, 10, '2022-02-22 04:54:34', '2022-02-22 04:54:34'),
(164, 'Soluta.', 659.00, 20, '2022-02-22 04:54:34', '2022-02-22 04:54:34'),
(165, 'Nobis.', 604.00, 26, '2022-02-22 04:54:34', '2022-02-22 04:54:34'),
(166, 'Ducimus.', 1218.00, 16, '2022-02-22 04:54:34', '2022-02-22 04:54:34'),
(167, 'Rerum.', 2480.00, 30, '2022-02-22 04:54:34', '2022-02-22 04:54:34'),
(168, 'Molestias.', 2676.00, 5, '2022-02-22 04:54:34', '2022-02-22 04:54:34'),
(169, 'Minima.', 2851.00, 11, '2022-02-22 04:54:34', '2022-02-22 04:54:34'),
(170, 'Est.', 1307.00, 9, '2022-02-22 04:54:34', '2022-02-22 04:54:34'),
(171, 'Aut earum.', 1977.00, 11, '2022-02-22 04:54:34', '2022-02-22 04:54:34'),
(172, 'Ut.', 1344.00, 12, '2022-02-22 04:54:34', '2022-02-22 04:54:34'),
(173, 'Aut nemo.', 2090.00, 23, '2022-02-22 04:54:34', '2022-02-22 04:54:34'),
(174, 'Ducimus.', 2503.00, 28, '2022-02-22 04:54:34', '2022-02-22 04:54:34'),
(175, 'Non.', 2531.00, 21, '2022-02-22 04:54:34', '2022-02-22 04:54:34'),
(176, 'Non id.', 1972.00, 8, '2022-02-22 04:54:34', '2022-02-22 04:54:34'),
(177, 'Similique.', 2561.00, 8, '2022-02-22 04:54:34', '2022-02-22 04:54:34'),
(178, 'Sed qui.', 2103.00, 30, '2022-02-22 04:54:34', '2022-02-22 04:54:34'),
(179, 'Dolores.', 1921.00, 17, '2022-02-22 04:54:34', '2022-02-22 04:54:34'),
(180, 'Nostrum.', 2917.00, 26, '2022-02-22 04:54:34', '2022-02-22 04:54:34'),
(181, 'Odio eum.', 2863.00, 25, '2022-02-22 04:54:34', '2022-02-22 04:54:34'),
(182, 'Quae in.', 1120.00, 13, '2022-02-22 04:54:34', '2022-02-22 04:54:34'),
(183, 'Cumque ad.', 647.00, 28, '2022-02-22 04:54:34', '2022-02-22 04:54:34'),
(184, 'Magnam.', 2001.00, 20, '2022-02-22 04:54:34', '2022-02-22 04:54:34'),
(185, 'Qui est.', 895.00, 9, '2022-02-22 04:54:34', '2022-02-22 04:54:34'),
(186, 'Libero in.', 2568.00, 30, '2022-02-22 04:54:34', '2022-02-22 04:54:34'),
(187, 'Sed.', 1800.00, 9, '2022-02-22 04:54:34', '2022-02-22 04:54:34'),
(188, 'Nemo.', 1585.00, 13, '2022-02-22 04:54:34', '2022-02-22 04:54:34'),
(189, 'Itaque.', 2375.00, 14, '2022-02-22 04:54:34', '2022-02-22 04:54:34'),
(190, 'Suscipit.', 1186.00, 5, '2022-02-22 04:54:34', '2022-02-22 04:54:34'),
(191, 'Impedit.', 819.00, 15, '2022-02-22 04:54:34', '2022-02-22 04:54:34'),
(192, 'Et sit.', 2340.00, 18, '2022-02-22 04:54:34', '2022-02-22 04:54:34'),
(193, 'Est quia.', 985.00, 20, '2022-02-22 04:54:34', '2022-02-22 04:54:34'),
(194, 'Incidunt.', 2567.00, 29, '2022-02-22 04:54:34', '2022-02-22 04:54:34'),
(195, 'Omnis et.', 2311.00, 27, '2022-02-22 04:54:34', '2022-02-23 01:29:00'),
(196, 'Eos.', 2985.00, 6, '2022-02-22 04:54:34', '2022-02-22 04:54:34'),
(197, 'Et aut.', 868.00, 6, '2022-02-22 04:54:34', '2022-02-22 04:54:34'),
(198, 'Qui a.', 2476.00, 25, '2022-02-22 04:54:34', '2022-02-22 04:54:34'),
(199, 'Animi.', 1144.00, 14, '2022-02-22 04:54:34', '2022-02-22 04:54:34'),
(200, 'Voluptas.', 2874.00, 12, '2022-02-22 04:54:34', '2022-02-22 04:54:34');

-- --------------------------------------------------------

--
-- Table structure for table `product_variants`
--

CREATE TABLE `product_variants` (
  `id` bigint(20) UNSIGNED NOT NULL,
  `color` varchar(255) COLLATE utf8mb4_unicode_ci NOT NULL,
  `size` varchar(255) COLLATE utf8mb4_unicode_ci NOT NULL,
  `prod_brand` varchar(255) COLLATE utf8mb4_unicode_ci NOT NULL,
  `product_id` bigint(20) UNSIGNED NOT NULL,
  `created_at` timestamp NULL DEFAULT NULL,
  `updated_at` timestamp NULL DEFAULT NULL
) ENGINE=InnoDB DEFAULT CHARSET=utf8mb4 COLLATE=utf8mb4_unicode_ci;

--
-- Dumping data for table `product_variants`
--

INSERT INTO `product_variants` (`id`, `color`, `size`, `prod_brand`, `product_id`, `created_at`, `updated_at`) VALUES
(201, 'black', 's', 'polo', 62, '2022-02-22 05:24:50', '2022-02-22 05:24:50'),
(202, 'red', 'xl', 'mi', 56, '2022-02-22 05:24:50', '2022-02-22 05:24:50'),
(203, 'blue', 's', 'polo', 41, '2022-02-22 05:24:50', '2022-02-22 05:24:50'),
(204, 'green', 'l', 'polo', 105, '2022-02-22 05:24:50', '2022-02-22 05:24:50'),
(205, 'blue', 'xxl', 'pama', 136, '2022-02-22 05:24:50', '2022-02-22 05:24:50'),
(206, 'green', 'l', 'pama', 119, '2022-02-22 05:24:50', '2022-02-22 05:24:50'),
(207, 'orange', 'xl', 'rebook', 141, '2022-02-22 05:24:50', '2022-02-22 05:24:50'),
(208, 'red', 'l', 'uspa', 142, '2022-02-22 05:24:50', '2022-02-22 05:24:50'),
(209, 'orange', 'l', 'pama', 14, '2022-02-22 05:24:50', '2022-02-22 05:24:50'),
(210, 'green', 's', 'mi', 132, '2022-02-22 05:24:50', '2022-02-22 05:24:50'),
(211, 'green', 'xl', 'uspa', 45, '2022-02-22 05:24:50', '2022-02-22 05:24:50'),
(212, 'red', 'm', 'pama', 159, '2022-02-22 05:24:50', '2022-02-22 05:24:50'),
(213, 'orange', 'l', 'mi', 146, '2022-02-22 05:24:50', '2022-02-22 05:24:50'),
(214, 'black', 'xxl', 'polo', 148, '2022-02-22 05:24:50', '2022-02-22 05:24:50'),
(215, 'blue', 's', 'mi', 126, '2022-02-22 05:24:50', '2022-02-22 05:24:50'),
(216, 'red', 'l', 'rebook', 20, '2022-02-22 05:24:50', '2022-02-22 05:24:50'),
(217, 'orange', 's', 'pama', 118, '2022-02-22 05:24:50', '2022-02-22 05:24:50'),
(218, 'orange', 'xxl', 'pama', 176, '2022-02-22 05:24:50', '2022-02-22 05:24:50'),
(219, 'black', 'm', 'rebook', 198, '2022-02-22 05:24:50', '2022-02-22 05:24:50'),
(220, 'yellow', 'l', 'rebook', 173, '2022-02-22 05:24:50', '2022-02-22 05:24:50'),
(221, 'red', 'm', 'rebook', 120, '2022-02-22 05:24:50', '2022-02-22 05:24:50'),
(222, 'orange', 's', 'pama', 92, '2022-02-22 05:24:50', '2022-02-22 05:24:50'),
(223, 'green', 'xxl', 'uspa', 7, '2022-02-22 05:24:50', '2022-02-22 05:24:50'),
(224, 'yellow', 'l', 'polo', 91, '2022-02-22 05:24:50', '2022-02-22 05:24:50'),
(225, 'yellow', 'm', 'polo', 179, '2022-02-22 05:24:50', '2022-02-22 05:24:50'),
(226, 'green', 's', 'uspa', 139, '2022-02-22 05:24:50', '2022-02-22 05:24:50'),
(227, 'white', 'xl', 'rebook', 137, '2022-02-22 05:24:50', '2022-02-22 05:24:50'),
(228, 'black', 'xxl', 'uspa', 147, '2022-02-22 05:24:50', '2022-02-22 05:24:50'),
(229, 'black', 'xl', 'mi', 200, '2022-02-22 05:24:50', '2022-02-22 05:24:50'),
(230, 'black', 'l', 'pama', 19, '2022-02-22 05:24:50', '2022-02-22 05:24:50'),
(231, 'black', 'l', 'rebook', 79, '2022-02-22 05:24:50', '2022-02-22 05:24:50'),
(232, 'yellow', 'l', 'mi', 10, '2022-02-22 05:24:50', '2022-02-22 05:24:50'),
(233, 'black', 's', 'mi', 15, '2022-02-22 05:24:50', '2022-02-22 05:24:50'),
(234, 'red', 'xl', 'pama', 138, '2022-02-22 05:24:50', '2022-02-22 05:24:50'),
(235, 'red', 's', 'mi', 184, '2022-02-22 05:24:50', '2022-02-22 05:24:50'),
(236, 'black', 'xxl', 'uspa', 17, '2022-02-22 05:24:50', '2022-02-22 05:24:50'),
(237, 'green', 's', 'polo', 100, '2022-02-22 05:24:50', '2022-02-22 05:24:50'),
(238, 'black', 'xl', 'uspa', 4, '2022-02-22 05:24:50', '2022-02-22 05:24:50'),
(239, 'white', 'xxl', 'uspa', 191, '2022-02-22 05:24:50', '2022-02-22 05:24:50'),
(240, 'yellow', 'l', 'pama', 25, '2022-02-22 05:24:51', '2022-02-22 05:24:51'),
(241, 'black', 's', 'pama', 54, '2022-02-22 05:24:51', '2022-02-22 05:24:51'),
(242, 'red', 'xl', 'uspa', 195, '2022-02-22 05:24:51', '2022-02-22 05:24:51'),
(243, 'green', 'm', 'rebook', 140, '2022-02-22 05:24:51', '2022-02-22 05:24:51'),
(244, 'black', 'm', 'pama', 63, '2022-02-22 05:24:51', '2022-02-22 05:24:51'),
(245, 'yellow', 'm', 'polo', 104, '2022-02-22 05:24:51', '2022-02-22 05:24:51'),
(246, 'yellow', 's', 'mi', 129, '2022-02-22 05:24:51', '2022-02-22 05:24:51'),
(247, 'green', 's', 'mi', 33, '2022-02-22 05:24:51', '2022-02-22 05:24:51'),
(248, 'black', 'xxl', 'polo', 144, '2022-02-22 05:24:51', '2022-02-22 05:24:51'),
(249, 'green', 'xl', 'mi', 96, '2022-02-22 05:24:51', '2022-02-22 05:24:51'),
(250, 'green', 'l', 'polo', 46, '2022-02-22 05:24:51', '2022-02-22 05:24:51'),
(251, 'blue', 'm', 'polo', 168, '2022-02-22 05:24:51', '2022-02-22 05:24:51'),
(252, 'black', 's', 'rebook', 2, '2022-02-22 05:24:51', '2022-02-22 05:24:51'),
(253, 'blue', 'xl', 'rebook', 83, '2022-02-22 05:24:51', '2022-02-22 05:24:51'),
(254, 'blue', 's', 'pama', 37, '2022-02-22 05:24:51', '2022-02-22 05:24:51'),
(255, 'red', 'l', 'mi', 67, '2022-02-22 05:24:51', '2022-02-22 05:24:51'),
(256, 'orange', 'xxl', 'uspa', 30, '2022-02-22 05:24:51', '2022-02-22 05:24:51'),
(257, 'blue', 's', 'rebook', 115, '2022-02-22 05:24:51', '2022-02-22 05:24:51'),
(258, 'white', 'l', 'pama', 49, '2022-02-22 05:24:51', '2022-02-22 05:24:51'),
(259, 'white', 'xxl', 'polo', 152, '2022-02-22 05:24:51', '2022-02-22 05:24:51'),
(260, 'orange', 'l', 'mi', 60, '2022-02-22 05:24:51', '2022-02-22 05:24:51'),
(261, 'black', 's', 'mi', 123, '2022-02-22 05:24:51', '2022-02-22 05:24:51'),
(262, 'black', 'xxl', 'pama', 164, '2022-02-22 05:24:51', '2022-02-22 05:24:51'),
(263, 'green', 'xxl', 'uspa', 186, '2022-02-22 05:24:51', '2022-02-22 05:24:51'),
(264, 'black', 'l', 'uspa', 29, '2022-02-22 05:24:51', '2022-02-22 05:24:51'),
(265, 'red', 'l', 'uspa', 185, '2022-02-22 05:24:51', '2022-02-22 05:24:51'),
(266, 'green', 'xxl', 'rebook', 113, '2022-02-22 05:24:51', '2022-02-22 05:24:51'),
(267, 'white', 'xxl', 'rebook', 80, '2022-02-22 05:24:51', '2022-02-22 05:24:51'),
(268, 'black', 'xxl', 'uspa', 135, '2022-02-22 05:24:51', '2022-02-22 05:24:51'),
(269, 'green', 'm', 'polo', 72, '2022-02-22 05:24:51', '2022-02-22 05:24:51'),
(270, 'orange', 'xxl', 'pama', 102, '2022-02-22 05:24:51', '2022-02-22 05:24:51'),
(271, 'white', 'm', 'pama', 178, '2022-02-22 05:24:51', '2022-02-22 05:24:51'),
(272, 'blue', 's', 'rebook', 106, '2022-02-22 05:24:51', '2022-02-22 05:24:51'),
(273, 'white', 'xl', 'uspa', 24, '2022-02-22 05:24:51', '2022-02-22 05:24:51'),
(274, 'white', 'm', 'pama', 187, '2022-02-22 05:24:51', '2022-02-22 05:24:51'),
(275, 'red', 'l', 'pama', 149, '2022-02-22 05:24:51', '2022-02-22 05:24:51'),
(276, 'red', 's', 'mi', 38, '2022-02-22 05:24:51', '2022-02-22 05:24:51'),
(277, 'red', 'm', 'uspa', 85, '2022-02-22 05:24:51', '2022-02-22 05:24:51'),
(278, 'red', 'xxl', 'polo', 44, '2022-02-22 05:24:51', '2022-02-22 05:24:51'),
(279, 'black', 's', 'mi', 31, '2022-02-22 05:24:51', '2022-02-22 05:24:51'),
(280, 'black', 'l', 'rebook', 89, '2022-02-22 05:24:51', '2022-02-22 05:24:51'),
(281, 'yellow', 'l', 'uspa', 130, '2022-02-22 05:24:51', '2022-02-22 05:24:51'),
(282, 'red', 'm', 'uspa', 75, '2022-02-22 05:24:51', '2022-02-22 05:24:51'),
(283, 'white', 'm', 'polo', 68, '2022-02-22 05:24:51', '2022-02-22 05:24:51'),
(284, 'yellow', 'm', 'polo', 116, '2022-02-22 05:24:51', '2022-02-22 05:24:51'),
(285, 'green', 'xl', 'uspa', 108, '2022-02-22 05:24:51', '2022-02-22 05:24:51'),
(286, 'orange', 'l', 'pama', 69, '2022-02-22 05:24:51', '2022-02-22 05:24:51'),
(287, 'white', 'l', 'uspa', 53, '2022-02-22 05:24:51', '2022-02-22 05:24:51'),
(288, 'yellow', 'm', 'polo', 110, '2022-02-22 05:24:51', '2022-02-22 05:24:51'),
(289, 'white', 's', 'rebook', 153, '2022-02-22 05:24:51', '2022-02-22 05:24:51'),
(290, 'red', 'xl', 'pama', 167, '2022-02-22 05:24:51', '2022-02-22 05:24:51'),
(291, 'green', 'xl', 'mi', 87, '2022-02-22 05:24:51', '2022-02-22 05:24:51'),
(292, 'green', 'xxl', 'uspa', 151, '2022-02-22 05:24:51', '2022-02-22 05:24:51'),
(293, 'yellow', 'xl', 'pama', 197, '2022-02-22 05:24:51', '2022-02-22 05:24:51'),
(294, 'red', 'xxl', 'uspa', 81, '2022-02-22 05:24:51', '2022-02-22 05:24:51'),
(295, 'orange', 'xxl', 'mi', 1, '2022-02-22 05:24:51', '2022-02-22 05:24:51'),
(296, 'blue', 'xxl', 'rebook', 82, '2022-02-22 05:24:51', '2022-02-22 05:24:51'),
(297, 'red', 'l', 'pama', 133, '2022-02-22 05:24:51', '2022-02-22 05:24:51'),
(298, 'yellow', 's', 'pama', 189, '2022-02-22 05:24:51', '2022-02-22 05:24:51'),
(299, 'orange', 'xxl', 'uspa', 26, '2022-02-22 05:24:51', '2022-02-22 05:24:51'),
(300, 'black', 'l', 'polo', 177, '2022-02-22 05:24:51', '2022-02-22 05:24:51'),
(301, 'white', 'm', 'mi', 78, '2022-02-22 05:24:51', '2022-02-22 05:24:51'),
(302, 'white', 'xxl', 'polo', 124, '2022-02-22 05:24:51', '2022-02-22 05:24:51'),
(303, 'yellow', 'l', 'mi', 125, '2022-02-22 05:24:51', '2022-02-22 05:24:51'),
(304, 'white', 'xl', 'polo', 193, '2022-02-22 05:24:51', '2022-02-22 05:24:51'),
(305, 'black', 's', 'pama', 134, '2022-02-22 05:24:51', '2022-02-22 05:24:51'),
(306, 'green', 'xl', 'polo', 127, '2022-02-22 05:24:51', '2022-02-22 05:24:51'),
(307, 'yellow', 'xxl', 'uspa', 163, '2022-02-22 05:24:51', '2022-02-22 05:24:51'),
(308, 'green', 'l', 'pama', 27, '2022-02-22 05:24:51', '2022-02-22 05:24:51'),
(309, 'red', 's', 'pama', 13, '2022-02-22 05:24:51', '2022-02-22 05:24:51'),
(310, 'orange', 'xxl', 'mi', 48, '2022-02-22 05:24:51', '2022-02-22 05:24:51'),
(311, 'green', 'xl', 'pama', 166, '2022-02-22 05:24:51', '2022-02-22 05:24:51'),
(312, 'orange', 'l', 'pama', 36, '2022-02-22 05:24:51', '2022-02-22 05:24:51'),
(313, 'red', 's', 'pama', 52, '2022-02-22 05:24:51', '2022-02-22 05:24:51'),
(314, 'orange', 's', 'pama', 76, '2022-02-22 05:24:51', '2022-02-22 05:24:51'),
(315, 'orange', 'm', 'pama', 128, '2022-02-22 05:24:51', '2022-02-22 05:24:51'),
(316, 'yellow', 's', 'polo', 42, '2022-02-22 05:24:51', '2022-02-22 05:24:51'),
(317, 'red', 'l', 'pama', 182, '2022-02-22 05:24:51', '2022-02-22 05:24:51'),
(318, 'orange', 'xl', 'mi', 190, '2022-02-22 05:24:51', '2022-02-22 05:24:51'),
(319, 'orange', 'xxl', 'pama', 103, '2022-02-22 05:24:51', '2022-02-22 05:24:51'),
(320, 'yellow', 'm', 'pama', 183, '2022-02-22 05:24:51', '2022-02-22 05:24:51'),
(321, 'blue', 'xl', 'pama', 107, '2022-02-22 05:24:51', '2022-02-22 05:24:51'),
(322, 'black', 'l', 'rebook', 95, '2022-02-22 05:24:51', '2022-02-22 05:24:51'),
(323, 'white', 'xxl', 'uspa', 172, '2022-02-22 05:24:51', '2022-02-22 05:24:51'),
(324, 'green', 'l', 'mi', 43, '2022-02-22 05:24:51', '2022-02-22 05:24:51'),
(325, 'yellow', 'm', 'mi', 55, '2022-02-22 05:24:51', '2022-02-22 05:24:51'),
(326, 'yellow', 'm', 'pama', 40, '2022-02-22 05:24:51', '2022-02-22 05:24:51'),
(327, 'white', 'xl', 'pama', 180, '2022-02-22 05:24:51', '2022-02-22 05:24:51'),
(328, 'white', 'm', 'polo', 162, '2022-02-22 05:24:51', '2022-02-22 05:24:51'),
(329, 'white', 's', 'rebook', 88, '2022-02-22 05:24:51', '2022-02-22 05:24:51'),
(330, 'green', 'xxl', 'polo', 145, '2022-02-22 05:24:51', '2022-02-22 05:24:51'),
(331, 'black', 'xl', 'pama', 65, '2022-02-22 05:24:51', '2022-02-22 05:24:51'),
(332, 'black', 'm', 'polo', 5, '2022-02-22 05:24:51', '2022-02-22 05:24:51'),
(333, 'green', 'm', 'pama', 158, '2022-02-22 05:24:51', '2022-02-22 05:24:51'),
(334, 'yellow', 'l', 'polo', 156, '2022-02-22 05:24:51', '2022-02-22 05:24:51'),
(335, 'green', 'xl', 'polo', 161, '2022-02-22 05:24:51', '2022-02-22 05:24:51'),
(336, 'white', 'xxl', 'uspa', 199, '2022-02-22 05:24:51', '2022-02-22 05:24:51'),
(337, 'red', 'l', 'mi', 97, '2022-02-22 05:24:51', '2022-02-22 05:24:51'),
(338, 'yellow', 'm', 'pama', 181, '2022-02-22 05:24:51', '2022-02-22 05:24:51'),
(339, 'blue', 's', 'polo', 73, '2022-02-22 05:24:51', '2022-02-22 05:24:51'),
(340, 'yellow', 'xxl', 'mi', 171, '2022-02-22 05:24:51', '2022-02-22 05:24:51'),
(341, 'green', 's', 'pama', 21, '2022-02-22 05:24:51', '2022-02-22 05:24:51'),
(342, 'green', 'xxl', 'pama', 111, '2022-02-22 05:24:51', '2022-02-22 05:24:51'),
(343, 'red', 'm', 'rebook', 121, '2022-02-22 05:24:51', '2022-02-22 05:24:51'),
(344, 'blue', 'm', 'polo', 175, '2022-02-22 05:24:51', '2022-02-22 05:24:51'),
(345, 'black', 'm', 'polo', 154, '2022-02-22 05:24:51', '2022-02-22 05:24:51'),
(346, 'red', 'm', 'polo', 16, '2022-02-22 05:24:51', '2022-02-22 05:24:51'),
(347, 'red', 'xxl', 'pama', 117, '2022-02-22 05:24:51', '2022-02-22 05:24:51'),
(348, 'red', 'm', 'rebook', 93, '2022-02-22 05:24:51', '2022-02-22 05:24:51'),
(349, 'blue', 's', 'mi', 6, '2022-02-22 05:24:51', '2022-02-22 05:24:51'),
(350, 'yellow', 'xxl', 'rebook', 131, '2022-02-22 05:24:51', '2022-02-22 05:24:51'),
(351, 'blue', 'm', 'pama', 122, '2022-02-22 05:24:51', '2022-02-22 05:24:51'),
(352, 'black', 'xxl', 'rebook', 51, '2022-02-22 05:24:51', '2022-02-22 05:24:51'),
(353, 'blue', 'l', 'rebook', 70, '2022-02-22 05:24:51', '2022-02-22 05:24:51'),
(354, 'orange', 'l', 'mi', 170, '2022-02-22 05:24:51', '2022-02-22 05:24:51'),
(355, 'green', 's', 'rebook', 84, '2022-02-22 05:24:51', '2022-02-22 05:24:51'),
(356, 'white', 'xl', 'polo', 61, '2022-02-22 05:24:51', '2022-02-22 05:24:51'),
(357, 'white', 'xxl', 'mi', 150, '2022-02-22 05:24:51', '2022-02-22 05:24:51'),
(358, 'red', 's', 'mi', 22, '2022-02-22 05:24:51', '2022-02-22 05:24:51'),
(359, 'black', 'xxl', 'uspa', 157, '2022-02-22 05:24:51', '2022-02-22 05:24:51'),
(360, 'black', 's', 'pama', 34, '2022-02-22 05:24:51', '2022-02-22 05:24:51'),
(361, 'black', 'm', 'rebook', 23, '2022-02-22 05:24:51', '2022-02-22 05:24:51'),
(362, 'blue', 's', 'pama', 66, '2022-02-22 05:24:51', '2022-02-22 05:24:51'),
(363, 'blue', 'xl', 'polo', 50, '2022-02-22 05:24:51', '2022-02-22 05:24:51'),
(364, 'black', 'xl', 'rebook', 86, '2022-02-22 05:24:51', '2022-02-22 05:24:51'),
(365, 'blue', 's', 'mi', 174, '2022-02-22 05:24:51', '2022-02-22 05:24:51'),
(366, 'orange', 'xl', 'rebook', 35, '2022-02-22 05:24:51', '2022-02-22 05:24:51'),
(367, 'black', 'm', 'pama', 114, '2022-02-22 05:24:51', '2022-02-22 05:24:51'),
(368, 'yellow', 'xxl', 'rebook', 169, '2022-02-22 05:24:51', '2022-02-22 05:24:51'),
(369, 'red', 'xxl', 'pama', 90, '2022-02-22 05:24:51', '2022-02-22 05:24:51'),
(370, 'red', 's', 'pama', 160, '2022-02-22 05:24:51', '2022-02-22 05:24:51'),
(371, 'red', 'l', 'pama', 194, '2022-02-22 05:24:51', '2022-02-22 05:24:51'),
(372, 'black', 'xl', 'pama', 155, '2022-02-22 05:24:51', '2022-02-22 05:24:51'),
(373, 'yellow', 'l', 'pama', 28, '2022-02-22 05:24:51', '2022-02-22 05:24:51'),
(374, 'yellow', 's', 'polo', 74, '2022-02-22 05:24:51', '2022-02-22 05:24:51'),
(375, 'orange', 'l', 'uspa', 196, '2022-02-22 05:24:51', '2022-02-22 05:24:51'),
(376, 'blue', 'xxl', 'rebook', 39, '2022-02-22 05:24:51', '2022-02-22 05:24:51'),
(377, 'orange', 'l', 'polo', 64, '2022-02-22 05:24:51', '2022-02-22 05:24:51'),
(378, 'yellow', 's', 'uspa', 47, '2022-02-22 05:24:51', '2022-02-22 05:24:51'),
(379, 'black', 's', 'pama', 98, '2022-02-22 05:24:51', '2022-02-22 05:24:51'),
(380, 'blue', 'xl', 'uspa', 94, '2022-02-22 05:24:51', '2022-02-22 05:24:51'),
(381, 'white', 's', 'uspa', 109, '2022-02-22 05:24:51', '2022-02-22 05:24:51'),
(382, 'white', 'm', 'polo', 101, '2022-02-22 05:24:51', '2022-02-22 05:24:51'),
(383, 'yellow', 's', 'uspa', 58, '2022-02-22 05:24:51', '2022-02-22 05:24:51'),
(384, 'green', 'xxl', 'polo', 3, '2022-02-22 05:24:51', '2022-02-22 05:24:51'),
(385, 'white', 'm', 'polo', 32, '2022-02-22 05:24:51', '2022-02-22 05:24:51'),
(386, 'red', 'm', 'polo', 9, '2022-02-22 05:24:51', '2022-02-22 05:24:51'),
(387, 'black', 's', 'uspa', 18, '2022-02-22 05:24:51', '2022-02-22 05:24:51'),
(388, 'white', 'l', 'uspa', 11, '2022-02-22 05:24:51', '2022-02-22 05:24:51'),
(389, 'green', 'xxl', 'uspa', 165, '2022-02-22 05:24:51', '2022-02-22 05:24:51'),
(390, 'blue', 'l', 'mi', 192, '2022-02-22 05:24:51', '2022-02-22 05:24:51'),
(391, 'green', 'xxl', 'uspa', 77, '2022-02-22 05:24:51', '2022-02-22 05:24:51'),
(392, 'green', 'xxl', 'pama', 188, '2022-02-22 05:24:51', '2022-02-22 05:24:51'),
(393, 'red', 'xl', 'mi', 112, '2022-02-22 05:24:51', '2022-02-22 05:24:51'),
(394, 'red', 'xl', 'uspa', 99, '2022-02-22 05:24:51', '2022-02-22 05:24:51'),
(395, 'blue', 'l', 'polo', 8, '2022-02-22 05:24:51', '2022-02-22 05:24:51'),
(396, 'red', 'xxl', 'pama', 12, '2022-02-22 05:24:51', '2022-02-22 05:24:51'),
(397, 'orange', 'xxl', 'rebook', 59, '2022-02-22 05:24:51', '2022-02-22 05:24:51'),
(398, 'red', 's', 'pama', 57, '2022-02-22 05:24:51', '2022-02-22 05:24:51'),
(399, 'yellow', 'xxl', 'pama', 143, '2022-02-22 05:24:51', '2022-02-22 05:24:51'),
(400, 'white', 'm', 'rebook', 71, '2022-02-22 05:24:51', '2022-02-22 05:24:51');

-- --------------------------------------------------------

--
-- Table structure for table `users`
--

CREATE TABLE `users` (
  `id` bigint(20) UNSIGNED NOT NULL,
  `name` varchar(255) COLLATE utf8mb4_unicode_ci NOT NULL,
  `email` varchar(255) COLLATE utf8mb4_unicode_ci NOT NULL,
  `email_verified_at` timestamp NULL DEFAULT NULL,
  `password` varchar(255) COLLATE utf8mb4_unicode_ci NOT NULL,
  `remember_token` varchar(100) COLLATE utf8mb4_unicode_ci DEFAULT NULL,
  `created_at` timestamp NULL DEFAULT NULL,
  `updated_at` timestamp NULL DEFAULT NULL
) ENGINE=InnoDB DEFAULT CHARSET=utf8mb4 COLLATE=utf8mb4_unicode_ci;

--
-- Dumping data for table `users`
--

INSERT INTO `users` (`id`, `name`, `email`, `email_verified_at`, `password`, `remember_token`, `created_at`, `updated_at`) VALUES
(1, 'hardik', 'hardik.kanzariya@yudiz.com', NULL, '$2y$10$dvDcHCcve02DEjsLv1.EVOBVax3M/SuqQHeb5WTiyzOCCKhunCPe2', NULL, '2022-02-22 04:46:51', '2022-02-22 04:46:51');

--
-- Indexes for dumped tables
--

--
-- Indexes for table `failed_jobs`
--
ALTER TABLE `failed_jobs`
  ADD PRIMARY KEY (`id`),
  ADD UNIQUE KEY `failed_jobs_uuid_unique` (`uuid`);

--
-- Indexes for table `migrations`
--
ALTER TABLE `migrations`
  ADD PRIMARY KEY (`id`);

--
-- Indexes for table `password_resets`
--
ALTER TABLE `password_resets`
  ADD KEY `password_resets_email_index` (`email`);

--
-- Indexes for table `payments`
--
ALTER TABLE `payments`
  ADD PRIMARY KEY (`id`);

--
-- Indexes for table `personal_access_tokens`
--
ALTER TABLE `personal_access_tokens`
  ADD PRIMARY KEY (`id`),
  ADD UNIQUE KEY `personal_access_tokens_token_unique` (`token`),
  ADD KEY `personal_access_tokens_tokenable_type_tokenable_id_index` (`tokenable_type`,`tokenable_id`);

--
-- Indexes for table `products`
--
ALTER TABLE `products`
  ADD PRIMARY KEY (`id`);

--
-- Indexes for table `product_variants`
--
ALTER TABLE `product_variants`
  ADD PRIMARY KEY (`id`),
  ADD KEY `product_variants_product_id_index` (`product_id`);

--
-- Indexes for table `users`
--
ALTER TABLE `users`
  ADD PRIMARY KEY (`id`),
  ADD UNIQUE KEY `users_email_unique` (`email`);

--
-- AUTO_INCREMENT for dumped tables
--

--
-- AUTO_INCREMENT for table `failed_jobs`
--
ALTER TABLE `failed_jobs`
  MODIFY `id` bigint(20) UNSIGNED NOT NULL AUTO_INCREMENT;

--
-- AUTO_INCREMENT for table `migrations`
--
ALTER TABLE `migrations`
  MODIFY `id` int(10) UNSIGNED NOT NULL AUTO_INCREMENT, AUTO_INCREMENT=33;

--
-- AUTO_INCREMENT for table `payments`
--
ALTER TABLE `payments`
  MODIFY `id` bigint(20) UNSIGNED NOT NULL AUTO_INCREMENT, AUTO_INCREMENT=8;

--
-- AUTO_INCREMENT for table `personal_access_tokens`
--
ALTER TABLE `personal_access_tokens`
  MODIFY `id` bigint(20) UNSIGNED NOT NULL AUTO_INCREMENT;

--
-- AUTO_INCREMENT for table `products`
--
ALTER TABLE `products`
  MODIFY `id` bigint(20) UNSIGNED NOT NULL AUTO_INCREMENT, AUTO_INCREMENT=201;

--
-- AUTO_INCREMENT for table `product_variants`
--
ALTER TABLE `product_variants`
  MODIFY `id` bigint(20) UNSIGNED NOT NULL AUTO_INCREMENT, AUTO_INCREMENT=401;

--
-- AUTO_INCREMENT for table `users`
--
ALTER TABLE `users`
  MODIFY `id` bigint(20) UNSIGNED NOT NULL AUTO_INCREMENT, AUTO_INCREMENT=2;

--
-- Constraints for dumped tables
--

--
-- Constraints for table `product_variants`
--
ALTER TABLE `product_variants`
  ADD CONSTRAINT `product_variants_product_id_foreign` FOREIGN KEY (`product_id`) REFERENCES `products` (`id`);
COMMIT;

/*!40101 SET CHARACTER_SET_CLIENT=@OLD_CHARACTER_SET_CLIENT */;
/*!40101 SET CHARACTER_SET_RESULTS=@OLD_CHARACTER_SET_RESULTS */;
/*!40101 SET COLLATION_CONNECTION=@OLD_COLLATION_CONNECTION */;
